;"Numéro.FINESS";"Raison.sociale";"Complément.distribution";"Adresse";"Lieudit.BP";"Code.postal";"Libelle.routage";"Tel"
"1";"010000024";"CH FLEYRIAT";"";"900 ROUTE DE PARIS";"BP 401 VIRIAT";1012;"BOURG EN BRESSE CEDEX";"04 74 45 46 47 "
"2";"010000032";"CH DOCTEUR RECAMIER BELLEY";"";"52 RUE GEORGES GIRERD";"BP 139";1300;"BELLEY";"04 79 42 59 59 "
"3";"010005239";"CH DU HAUT BUGEY SITE GEOVREISSET";"";"1 ROUTE DE VEYZIAT";"BP 818";1108;"OYONNAX CEDEX";"04 74 73 10 01 "
"4";"010780195";"CLINIQUE CONVERT";"";"62 AVENUE DE JASSERON";"BP 132";1000;"BOURG EN BRESSE";"04 74 45 64 45 "
"5";"010780203";"CLINIQUE MUTUALISTE AMBÉRIEU EN BUGEY";"";"EN PRAGNAT NORD";"BP 611";1506;"AMBERIEU EN BUGEY CEDEX";"04 74 38 95 95 "
"6";"020000089";"CH GUISE";"";"858 RUE DES DOCTEURS DEVILLERS";"";2120;"GUISE";"03 23 51 55 55 "
"7";"020000162";"CH SAINT-QUENTIN";"";"1 RUE MICHEL DE L'HOSPITAL";"BP 608";2321;"ST QUENTIN CEDEX";"03 23 06 73 30 "
"8";"020000394";"CH LAON";"";"33 RUE MARCELIN BERTHELOT";"";2001;"LAON CEDEX";"03 23 24 33 33 "
"9";"020000519";"CH SOISSONS";"";"46 AVENUE DU GÉNÉRAL DE GAULLE";"";2209;"SOISSONS CEDEX";"03 23 75 70 70 "
"10";"020000535";"CH CHAUNY";"";"94 RUE DES ANCIENS COMBATTANTS";"";2303;"CHAUNY CEDEX";"03 23 38 55 00 "
"11";"020001061";"CH CHÂTEAU-THIERRY";"";"ROUTE DE VERDILLY";"";2400;"CHATEAU THIERRY";"03 23 69 66 00 "
"12";"020001087";"CH HIRSON";"";"40 RUE AUX LOUPS";"";2500;"HIRSON";"03 23 58 82 82 "
"13";"020010047";"POLYCLINIQUE SAINT CLAUDE";"";"1 BOULEVARD DU DOCTEUR SCHWEITZER";"BP 448";2109;"ST QUENTIN CEDEX";"03 23 64 50 02 "
"14";"030000061";"CENTRE HOSPITALIER MOULINS YZEURE";"";"10 AVENUE GAL DE GAULLE";"BP 609";3006;"MOULINS CEDEX";"04 70 35 77 77 "
"15";"030000079";"CENTRE HOSPITALIER DE MONTLUCON";"";"18 AVENUE DU 8 MAI 1945";"";3109;"MONTLUCON CEDEX";"04 70 02 30 30 "
"16";"030000087";"CH JACQUES LACARIN VICHY";"";"BOULEVARD DENIERE";"BP 2757";3201;"VICHY CEDEX";"04 70 97 33 33 "
"17";"040000093";"CENTRE HOSPITALIER DE MANOSQUE";"";"RUE AUGUSTE GIRARD";"BP 108";4101;"MANOSQUE CEDEX";"04 92 73 42 10 "
"18";"040000135";"CHI DES ALPES DU SUD SITE DE SISTERON";"";"4 AVENUE DE LA LIBERATION";"BP 99";4203;"SISTERON CEDEX";"04 92 33 70 00 "
"19";"040000911";"CENTRE HOSPIT GENERAL DIGNE LES BAINS";"";"QUARTIER SAINT CHRISTOPHE";"BP 213";4003;"DIGNE LES BAINS CEDEX";"04 92 30 14 03 "
"20";"050000231";"CH DES ESCARTONS DE BRIANCON";"";"26 AVENUE ADRIEN DAURELLE";"";5105;"BRIANCON CEDEX";"04 92 25 25 25 "
"21";"050000256";"CENTRE HOSPITALIER D'EMBRUN";"";"8 RUE PIERRE ET MARIE CURIE";"";5200;"EMBRUN";"04 92 43 73 00 "
"22";"050000348";"CHI DES ALPES DU SUD SITE DE GAP";"";"1 PLACE AUGUSTE MURET";"BP 101";5007;"GAP CEDEX";"04 92 40 61 61 "
"23";"060000478";"CENTRE HOSPITALIER DE GRASSE";"";"CHEMIN DE CLAVARY";"BP 53149";6135;"GRASSE CEDEX";"04 93 09 55 01 "
"24";"060000510";"CH D'ANTIBES JUAN LES PINS";"QUARTIER LA FONTONNE";"ROUTE NATIONALE 7";"";6600;"ANTIBES";"04 97 24 77 67 "
"25";"060000544";"CH PIERRE NOUVEAU CANNES";"";"15 AVENUE DES BROUSSAILLES";"CS 50008";6414;"CANNES CEDEX";"04 93 69 70 01 "
"26";"060001450";"CHU DE NICE HOPITAL SAINT ROCH";"";"5 RUE PIERRE DEVOLUY";"BP 1319";6006;"NICE CEDEX 1";"04 92 03 33 22 "
"27";"060002102";"CH LA PALMOSA DE MENTON";"";"2 AVENUE ANTOINE PEGLION";"BP 189";6507;"MENTON CEDEX";"04 93 28 77 77 "
"28";"060780491";"INSTITUT ARNAULT TZANCK ST LAURENT VAR";"";"231 AVENUE DU DOCTEUR MAURICE DONAT";"";6721;"ST LAURENT DU VAR CEDEX";"04 92 27 37 05 "
"29";"060780517";"POLYCLINIQUE SAINT JEAN";"";"92 AVENUE DU DOCTEUR MAURICE DONAT";"";6800;"CAGNES SUR MER";"04 92 13 53 13 "
"30";"060780715";"CLINIQUE SAINT GEORGE";"";"2 AVENUE DE RIMIEZ";"";6105;"NICE CEDEX 2";"04 93 81 71 50 "
"31";"060780723";"CLINIQUE DU PARC IMPERIAL";"";"28 BOULEVARD TZAREWITCH";"";6045;"NICE CEDEX 1";"08 26 30 75 76 "
"32";"060780947";"HOPITAUX PEDIATRIQUES NICE CHU LENVAL";"";"57 AVENUE DE LA CALIFORNIE";"";6200;"NICE";"04 92 03 03 00 "
"33";"060789195";"CHU DE NICE HOPITAL DE L'ARCHET";"";"151 ROUTE SAINT ANTOINE DE GINESTIERE";"BP 79";6200;"NICE";"04 92 03 55 25 "
"34";"070000013";"CH DES VALS D'ARDÈCHE";"";"2 AVENUE PASTEUR";"BP 707";7007;"PRIVAS CEDEX";"04 75 20 20 00 "
"35";"070000179";"CH D'ARDÈCHE NORD";"";"RUE DU BON PASTEUR";"BP 119";7103;"ANNONAY CEDEX";"04 75 67 35 00 "
"36";"070000609";"CH D'AUBENAS";"";"14 AVENUE DE BELLANDE";"";7205;"AUBENAS CEDEX";"04 75 35 60 60 "
"37";"070780424";"CLINIQUE PASTEUR";"";"294 BOULEVARD GENERAL DE GAULLE";"BP 209";7500;"GUILHERAND GRANGES";"08 26 30 07 26 "
"38";"080000110";"CENTRE HOSPITALIER DE SEDAN";"";"2 AVENUE GENERAL MARGUERITTE";"CS 40903";8209;"SEDAN CEDEX";"03 24 22 80 00 "
"39";"080000219";"CENTRE HOSPITALIER DE RETHEL";"";"1 PLACE HOURTOULE";"";8300;"RETHEL";"03 24 38 66 66 "
"40";"080000276";"CENTRE HOSPITALIER DE VOUZIERS";"";"12 RUE HENRIONNET";"";8400;"VOUZIERS";"03 24 30 71 00 "
"41";"080000425";"HOPITAL MANCHESTER - CH CHARLEVILLE";"";"45 AVENUE DE MANCHESTER";"BP 10900";8011;"CHARLEVILLE MEZIERES CEDEX";"03 24 58 70 70 "
"42";"080009814";"ANTENNE DE SMUR - CH CHARLEVILLE";"";"PLACE DU BATY";"";8170;"FUMAY";""
"43";"090000175";"CH INTERCOMMUNAL DU VAL D'ARIEGE";"";"CHEMIN DE BARRAU";"BP 90064 SAINT JEAN DE VERGES";9017;"FOIX CEDEX";"05 61 03 30 30 "
"44";"090001629";"CH DU PAYS D'OLMES";"";"CHEMIN DE LA SOULANO";"BP 30197";9301;"LAVELANET CEDEX";"05 61 65 78 78 "
"45";"090782244";"CH J IBANES DE SAINT LIZIER";"ROZES";"";"";9190;"ST LIZIER";"05 61 96 20 00 "
"46";"100000090";"CENTRE HOSPITALIER DE TROYES";"";"101 AVENUE ANATOLE FRANCE";"";10003;"TROYES CEDEX";"03 25 49 49 49 "
"47";"100000116";"CENTRE HOSPITALIER DE BAR SUR AUBE";"";"2 RUE GASTON CHEQ";"";10200;"BAR SUR AUBE";"03 25 27 09 97 "
"48";"100000199";"CENTRE HOSPITALIER DE ROMILLY/SEINE";"";"AVENUE PAUL V COUTURIER";"";10105;"ROMILLY SUR SEINE CEDEX";"03 25 21 96 00 "
"49";"110000023";"CH CARCASSONNE";"";"1060 CHEMIN DE LA MADELEINE";"CS 40001";11010;"CARCASSONNE CEDEX 9";"04 68 24 24 24 "
"50";"110000049";"CH JEAN PIERRE CASSABEL";"";"19 AVENUE MGR DE LANGLE";"BP 1200";11492;"CASTELNAUDARY CEDEX";"04 68 94 56 56 "
"51";"110000056";"CH NARBONNE HOTEL DIEU";"";"BOULEVARD DOCTEUR LACROIX";"BP 824";11108;"NARBONNE CEDEX";"04 68 42 60 00 "
"52";"110780228";"POLYCLINIQUE LE LANGUEDOC";"";"AVENUE DE LA COTE DES ROSES";"BP 815";11108;"NARBONNE CEDEX";"04 68 65 33 33 "
"53";"110780236";"CH LIMOUX QUILLAN SITE DE QUILLAN";"";"RUE DU DOCTEUR ROUEYLOU";"";11500;"QUILLAN";"04 68 20 85 00 "
"54";"110780483";"POLYCLINIQUE MONTREAL";"";"ROUTE DE BRAM";"";11890;"CARCASSONNE CEDEX 9";"04 68 11 53 53 "
"55";"120000039";"C.H. DE RODEZ 'HOPITAL JACQUES PUEL'";"";"AVENUE DE L'HOPITAL";"";12027;"RODEZ CEDEX 9";"05 65 55 12 12 "
"56";"120000054";"CH VILLEFRANCHE DE ROUERGUE";"";"AVENUE CAYLET";"BP 299";12200;"VILLEFRANCHE DE ROUERGUE";"05 65 65 30 00 "
"57";"120000070";"CH PIERRE DELPECH DECAZEVILLE";"";"60 AVENUE PROSPER-ALFARIC";"";12300;"DECAZEVILLE";"05 65 43 71 71 "
"58";"120004569";"CENTRE HOSPITALIER DE MILLAU";"SIEGE SOCIAL";"265 BOULEVARD ACHILLE SOUQUES";"BP 148";12101;"MILLAU CEDEX";""
"59";"120004668";"CENTRE HOSPITALIER DE SAINT AFFRIQUE";"";"88 AVENUE DR LUCIEN GALTIER";"";12402;"ST AFFRIQUE CEDEX";"05 65 49 70 22 "
"60";"130000409";"SITE D'AIX EN PROVENCE";"";"AVENUE DES TAMARIS";"";13616;"AIX EN PROVENCE CEDEX 1";"04 42 33 50 00 "
"61";"130000565";"CH EDMOND GARCIN D'AUBAGNE";"";"179 AVENUE DES SOEURS GASTINE";"";13400;"AUBAGNE";"04 42 84 70 00 "
"62";"130001225";"CH SALON DE PROVENCE";"";"207 AVENUE JULIEN FABRE";"BP 321";13658;"SALON DE PROVENCE CEDEX";"04 90 44 93 04 "
"63";"130002215";"CENTRE HOSPITALIER DE LA CIOTAT";"";"BOULEVARD LAMARTINE";"BP 150";13708;"LA CIOTAT CEDEX";"04 42 08 76 00 "
"64";"130002827";"CH JOSEPH IMBERT D'ARLES";"";"QUARTIER FOURCHON";"BP 80195";13637;"ARLES CEDEX";"04 90 49 29 29 "
"65";"130002835";"CH DE MARTIGUES HOPITAL DES RAYETTES";"";"3 BOULEVARD DES RAYETTES";"BP 50248";13698;"MARTIGUES CEDEX";"04 42 43 22 22 "
"66";"130043664";"HOPITAL EUROPEEN";"";"6 RUE DESIREE CLARY";"";13003;"MARSEILLE";"04 91 83 38 38 "
"67";"130780521";"APHM HOPITAL NORD";"";"CHEMIN DES BOURRELY";"";13915;"MARSEILLE CEDEX 15";"04 91 38 00 00 "
"68";"130781479";"HOPITAL PRIVE LA CASAMANCE";"";"33 BOULEVARD DES FARIGOULES";"BP 141";13675;"AUBAGNE CEDEX";"04 91 88 40 00 "
"69";"130782071";"CLINIQUE DE L'ETANG DE L'OLIVIER";"";"4 RUE ROGER CARPENTIER";"BP 70003";13801;"ISTRES CEDEX";"04 42 47 60 76 "
"70";"130782147";"CLINIQUE GENERALE DE MARIGNANE";"";"AVENUE GENERAL RAOUL SALAN";"BP 89";13721;"MARIGNANE CEDEX";"04 42 78 45 00 "
"71";"130783236";"APHM HOPITAL DE LA CONCEPTION";"";"147 BOULEVARD BAILLE";"";13005;"MARSEILLE";"04 91 38 30 00 "
"72";"130783293";"APHM HOPITAL LA TIMONE ADULTES";"";"264 RUE SAINT PIERRE";"";13005;"MARSEILLE";"04 91 38 00 00 "
"73";"130784234";"APHM HOPITAUX SUD SAINTE MARGUERITE";"249 ET 270";"270 BOULEVARD DE SAINTE MARGUERITE";"";13274;"MARSEILLE CEDEX 09";"04 91 38 00 00 "
"74";"130784713";"HOPITAL PRIVE BEAUREGARD VERT COTEAU";"";"12 IMPASSE DU LIDO";"";13012;"MARSEILLE";"08 25 74 34 34 "
"75";"130785652";"HOPITAL ST JOSEPH";"";"26 BOULEVARD DE LOUVAIN";"";13008;"MARSEILLE";"04 91 80 65 00 "
"76";"130786361";"POLYCLINIQUE DU PARC RAMBOT";"";"2 AVENUE DR AURIENTIS";"BP 360";13626;"AIX EN PROVENCE CEDEX 1";"04 42 33 88 00 "
"77";"130786742";"HIA LAVERAN";"";"34 BOULEVARD LAVERAN";"BP 60149";13384;"MARSEILLE CEDEX 13";"04 91 61 70 00 "
"78";"130804297";"APHM HOPITAL LA TIMONE ENFANTS";"";"264 RUE SAINT PIERRE";"";13385;"MARSEILLE CEDEX 05";"04 91 38 00 00 "
"79";"140000027";"CENTRE HOSPITALIER DE LISIEUX";"";"4 RUE ROGER AINI";"BP 97223";14107;"LISIEUX CEDEX";"02 31 61 31 31 "
"80";"140000076";"CENTRE HOSPITALIER D'AUNAY SUR ODON";"";"5 RUE DE L'HÔPITAL";"";14260;"AUNAY SUR ODON";"02 31 71 76 76 "
"81";"140000209";"CHU COTE DE NACRE - CAEN";"";"AVENUE COTE DE NACRE";"";14033;"CAEN CEDEX 9";"02 31 06 31 06 "
"82";"140000233";"CENTRE HOSPITALIER DE FALAISE";"";"BOULEVARD DES BERCAGNES";"";14700;"FALAISE";"02 31 40 40 40 "
"83";"140000258";"POLYCLINIQUE DE DEAUVILLE";"";"28 AVENUE FLORIAN DE KERGORLAY";"";14800;"DEAUVILLE";"02 31 14 33 33 "
"84";"140000373";"CENTRE HOSPITALIER DE VIRE";"";"4 RUE EMILE DESVAUX";"BP 80156";14504;"VIRE CEDEX";"02 31 67 47 47 "
"85";"140002452";"CLINIQUE DE LA MISERICORDE - CAEN";"";"15 RUE DES FOSSES SAINT JULIEN";"BP 100";14000;"CAEN";"02 31 38 50 50 "
"86";"140016759";"POLYCLINIQUE DU PARC - CAEN";"";"20 AVENUE GEORGES GUYNEMER";"";14052;"CAEN CEDEX 4";"02 31 82 82 82 "
"87";"140017237";"HOPITAL PRIVE ST MARTIN-CAEN";"";"18 RUE DES ROQUEMONTS";"";14050;"CAEN CEDEX 4";"02 31 43 31 43 "
"88";"140024886";"CENTRE HOSPITALIER - BAYEUX";"";"13 RUE DE NESMOND";"BP 142";14400;"BAYEUX";"02 31 51 51 51 "
"89";"140026410";"CH COTE FLEURIE - SITE DE CRICQUEBOEUF";"LA BRECHE DU BOIS";"ROUTE DEPARTEMENTALE 62";"";14113;"CRICQUEBOEUF";""
"90";"150000032";"CENTRE HOSPITALIER DE SAINT FLOUR";"";"AVENUE DOCTEUR MALLET";"BP 49";15102;"ST FLOUR CEDEX";"04 71 60 64 64 "
"91";"150000040";"CENTRE HOSPITALIER HENRI MONDOR";"";"50 AVENUE DE LA REPUBLIQUE";"BP 229";15002;"AURILLAC CEDEX";"04 71 46 56 56 "
"92";"150000164";"CENTRE HOSPITALIER DE MAURIAC";"";"AVENUE FERNAND TALLANDIER";"";15200;"MAURIAC";"04 71 68 00 40 "
"93";"160000253";"CENTRE HOSPITALIER D'ANGOULEME";"";"ROND POINT DE GIRAC";"CS 55015 SAINT-MICHEL";16959;"ANGOULEME CEDEX 9";"05 45 24 40 40 "
"94";"160000303";"CENTRE HOSPITALIER (H. SUD CHARENTE)";"";"ROUTE DE SAINT BONNET";"BP 50031";16300;"BARBEZIEUX ST HILAIRE";"05 45 78 78 00 "
"95";"160000311";"CTRE HOSPITALIER 'LABAJOUDERIE'";"";"RUE DE L'HOPITAL";"BP 83";16500;"CONFOLENS";"05 45 84 40 00 "
"96";"160000337";"CENTRE HOSPITALIER DE RUFFEC";"";"15 RUE DE L HOPITAL";"BP 71";16700;"RUFFEC";"05 45 29 50 00 "
"97";"160015368";"CH INTERCOMMUNAL DU PAYS DE COGNAC";"";"65 AVENUE D'ANGOULEME";"CS 50264 CHATEAUBERNARD";16112;"COGNAC CEDEX";"05 45 80 15 15 "
"98";"170000038";"CENTRE HOSPITALIER JONZAC";"";"RUE WINSTON CHURCHILL";"BP 109";17503;"JONZAC CEDEX";"05 46 48 75 75 "
"99";"170000087";"GH LA ROCHELLE-RE-AUNIS - LA ROCHELLE";"";"RUE DU DR SCHWEITZER";"";17019;"LA ROCHELLE CEDEX 1";"05 46 45 50 50 "
"100";"170000095";"CENTRE HOSPITALIER ST-JEAN D'ANGELY";"";"18 AVENUE DU PORT";"BP 93";17415;"ST JEAN D ANGELY CEDEX";"05 46 59 50 04 "
"101";"170000103";"CTRE HOSP. DE SAINTONGE - SAINTES";"";"11 BOULEVARD AMBROISE PARE";"BP 10326";17108;"SAINTES CEDEX";"05 46 95 15 15 "
"102";"170000129";"CENTRE HOSPITALIER ROYAN";"";"CENTRE HOSPITALIER";"BP 217 C";17205;"ROYAN CEDEX";"05 46 39 52 52 "
"103";"170000152";"CENTRE HOSPITALIER ROCHEFORT";"";"1 AVENUE BELIGON";"BP 30009";17301;"ROCHEFORT CEDEX";"05 46 88 50 50 "
"104";"170022065";"GCS URGENCES PAYS ROYANNAIS - ROYAN";"";"CENTRE HOSPITALIER";"BP 217 C";17205;"ROYAN CEDEX";"05 46 39 52 52 "
"105";"170022818";"GCS URGENCE PAYS ROYANNAIS -ST GEORGES";"";"2 BOULEVARD DE LATTRE DE TASSIGNY";"";17110;"ST GEORGES DE DIDONNE";"05 46 05 07 94 "
"106";"170022826";"GCS URGENCES PAYS ROYANNAIS - PASTEUR";"";"222 AVENUE DE ROCHEFORT";"";17200;"ROYAN";"05 46 22 22 22 "
"107";"180000010";"CH  BOURGES - JACQUES COEUR";"";"145 AVENUE F MITTERAND";"";18020;"BOURGES CEDEX";"02 48 48 48 48 "
"108";"180000200";"CH DE VIERZON";"";"33 RUE LEO MERIGOT";"BP 202";18102;"VIERZON CEDEX";"02 48 52 33 33 "
"109";"180000283";"CH SAINT AMAND-MONTROND";"";"44 AVENUE JEAN JAURES";"BP 180";18200;"ST AMAND MONTROND";"02 48 63 25 25 "
"110";"190000018";"CENTRE HOSPITALIER DUBOIS BRIVE";"";"3 BOULEVARD DR VERLHAC";"BP 432";19312;"BRIVE LA GAILLARDE CEDEX";"05 55 92 60 00 "
"111";"190000026";"CENTRE HOSPITALIER TULLE";"";"3 PLACE DOCTEUR MASCHAT";"BP 160";19012;"TULLE CEDEX";"05 55 29 79 00 "
"112";"190000091";"CENTRE HOSPITALIER D'USSEL";"";"2 AVENUE DOCTEUR ROULLET";"BP 55";19208;"USSEL CEDEX";"05 55 96 40 00 "
"113";"190010892";"ANTENNE SMUR";"CENTRE HOSPITALIER D'USSEL";"2 AVENUE DU DOCTEUR ROULLET";"";19200;"USSEL";"05 55 29 79 00 "
"114";"210780136";"CLINIQUE MEDICO CHIRURGICALE CHENOVE";"";"42 BOULEVARD HENRI BAZIN";"";21302;"CHENOVE CEDEX";"03 80 58 63 00 "
"115";"210781621";"HOPITAL GÉNÉRAL CHU DIJON";"";"3 RUE DU FAUBOURG RAINES";"";21033;"DIJON CEDEX";"03 80 29 30 31 "
"116";"210987558";"HÔPITAL LE BOCAGE CHU DIJON";"";"1 BOULEVARD JEANNE D'ARC";"BP 77908";21079;"DIJON CEDEX";"03 80 29 30 31 "
"117";"210987657";"CH BEAUNE";"";"AVENUE GUIGONE DE SALINS";"BP 104";21203;"BEAUNE CEDEX";"03 80 24 44 44 "
"118";"210987665";"CH INTERCOMMUNAL CHATILLON MONTBARD";"ZAC DU BELVEDERE";"2 RUE BARON CLAUDE PETIET";"";21400;"CHATILLON SUR SEINE";"03 80 81 73 00 "
"119";"210987673";"CH INTERCOMMUNAL CHATILLON MONTBARD";"";"27 RUE AUGUSTE CARRE";"";21500;"MONTBARD";"03 80 92 63 00 "
"120";"210987699";"CENTRE HOSPITALIER ROBERT MORLEVAT";"";"3 AVENUE PASTEUR";"BP 28";21140;"SEMUR EN AUXOIS";"03 80 89 64 64 "
"121";"220000012";"CENTRE HOSPITALIER YVES LE FOLL";"";"10 RUE MARCEL PROUST";"BP 2367";22023;"ST BRIEUC CEDEX 1";"02 96 01 71 23 "
"122";"220000095";"CTRE HOSPITALIER DINAN";"";"56 RUE CHATEAUBRIAND";"BP 56";22101;"DINAN CEDEX";"02 96 85 72 85 "
"123";"220000343";"CENTRE HOSPITALIER GUINGAMP";"";"17 RUE DE L'ARMOR";"";22200;"GUINGAMP";"02 96 44 56 56 "
"124";"220000368";"CENTRE HOSPITALIER LANNION";"";"KERGOMAR";"BP 248";22303;"LANNION CEDEX";"02 96 05 71 11 "
"125";"220000541";"CENTRE HOSPITALIER PAIMPOL";"";"CHEMIN DE MALABRY";"BP 91";22501;"PAIMPOL CEDEX";"02 96 55 60 00 "
"126";"230000820";"CENTRE HOSPITALIER GUERET";"";"39 AVENUE DE LA SENATORERIE";"BP 159";23011;"GUERET CEDEX";"05 55 51 70 00 "
"127";"230004657";"SITE CROIX BLANCHE";"";"3 COTE RIBIERE";"";23200;"MOUTIER ROZEILLE";"05 55 83 50 50 "
"128";"240000190";"POLYCLINIQUE FRANCHEVILLE";"";"34 BOULEVARD DE VESONE";"BP 4063";24004;"PERIGUEUX CEDEX";"05 53 02 11 11 "
"129";"240000372";"C.H DE BERGERAC";"";"9 AVENUE ALBERT CALMETTE";"BP 820";24108;"BERGERAC CEDEX";"05 53 63 88 88 "
"130";"240000489";"CENTRE HOSPITALIER DE PERIGUEUX";"";"80 AVENUE GEORGES POMPIDOU";"BP 9052";24019;"PERIGUEUX CEDEX";"05 53 45 25 25 "
"131";"240000687";"CENTRE HOSPITALIER SARLAT";"";"";"CS 80201 LE POUGET";24206;"SARLAT LA CANEDA CEDEX";"05 53 31 75 75 "
"132";"250000114";"CH BOULLOCHE MONTBELIARD";"";"2 RUE DU DOCTEUR FLAMAND";"";25209;"MONTBELIARD CEDEX";"03 81 98 80 00 "
"133";"250000700";"CHI HC SITE RIVES DU DOUBS PONTARLIER";"";"2 FAUBOURG SAINT ETIENNE";"CS 10329";25304;"PONTARLIER CEDEX";"03 81 38 54 54 "
"134";"250006954";"CHRU JEAN MINJOZ";"";"3 BOULEVARD ALEXANDRE FLEMING";"";25030;"BESANCON CEDEX";"03 81 66 81 66 "
"135";"260000013";"CH DE VALENCE";"";"179 BOULEVARD MARÉCHAL JUIN";"";26953;"VALENCE CEDEX 9";"04 75 75 75 75 "
"136";"260000120";"CH DE ROMANS";"";"607 AVENUE GENEVIEVE DE GAULLE";"BP 1002";26102;"ROMANS SUR ISERE CEDEX";"04 75 05 75 05 "
"137";"260000138";"CH DE MONTÉLIMAR";"";"QUARTIER BEAUSSERET";"BP 249";26216;"MONTELIMAR CEDEX";"04 75 53 40 00 "
"138";"260000146";"CENTRE HOSPITALIER DE CREST";"";"QUARTIER MAZOREL-NORD";"";26400;"CREST";"04 75 25 37 00 "
"139";"260000203";"CH DE ST VALLIER";"";"RUE PIERRE VALETTE";"BP 30";26241;"ST VALLIER CEDEX";"04 75 23 80 00 "
"140";"260000286";"CENTRE HOSPITALIER DIE";"";"2 RUE BOUVIER";"";26150;"DIE";"04 75 22 55 00 "
"141";"270000045";"CH BERNAY";"";"5 RUE ANNE DE TICHEVILLE";"BP 353";27303;"BERNAY CEDEX";"02 32 45 63 00 "
"142";"270000326";"CLINIQUE CHIRURGICALE PASTEUR EVREUX";"";"58 BOULEVARD PASTEUR";"";27025;"EVREUX CEDEX";"02 32 38 95 00 "
"143";"270000359";"CH EVREUX CHI EURE-SEINE";"ZAC DE CAMBOLLE";"RUE LEON SCHWARTZENBERG";"";27015;"EVREUX CEDEX";"02 32 33 80 00 "
"144";"270000367";"CH GISORS";"";"ROUTE DE ROUEN";"BP 83";27140;"GISORS";"02 32 27 76 76 "
"145";"270000391";"CH LOUVIERS CHI ELBEUF";"";"2 RUE SAINT JEAN";"BP 612";27406;"LOUVIERS CEDEX";"02 32 25 75 00 "
"146";"270000425";"CH PONT-AUDEMER";"";"64 ROUTE DE LISIEUX";"BP 431";27504;"PONT AUDEMER CEDEX";"02 32 41 64 64 "
"147";"270000441";"CH VERNEUIL-SUR-AVRE";"";"81 RUE DU MOULIN DES MURAILLES";"BP 711";27137;"VERNEUIL SUR AVRE CEDEX";"02 32 23 60 00 "
"148";"270000458";"CH VERNON CHI EURE-SEINE";"";"5 RUE DOCTEUR BURNET";"BP 912";27207;"VERNON CEDEX";"02 32 71 66 00 "
"149";"280000084";"CH DREUX";"";"44 AVENUE PRESIDENT JOHN-FIT- KENNEDY";"BP 69";28102;"DREUX CEDEX";"02 37 51 52 53 "
"150";"280000662";"CH CHATEAUDUN";"";"ROUTE JALLANS";"BP 110";28205;"CHATEAUDUN CEDEX";"02 37 44 40 40 "
"151";"280502998";"CH NOGENT LE ROTROU - NOUVEL HÔPITAL";"NOUVEL HOPITAL";"AVENUE DE L'EUROPE";"BP 169";28401;"NOGENT LE ROTROU CEDEX";"02 37 53 75 75 "
"152";"280504267";"CH CHARTRES LOUIS PASTEUR-LE COUDRAY";"";"4 RUE CLAUDE BERNARD";"";28630;"LE COUDRAY";"02 37 30 30 30 "
"153";"280505777";"NOUVELLE CLINIQUE SAINT FRANÇOIS";"";"2 RUE ROLAND BUTHIER";"";28300;"MAINVILLIERS";"02 37 18 41 00 "
"154";"290000025";"CHIC QUIMPER";"";"14 AVENUE YVES THEPOT";"";29107;"QUIMPER CEDEX";"02 98 52 60 60 "
"155";"290000033";"C.H. DES PAYS DE MORLAIX";"";"15 RUE KERSAINT GILLY";"BP 97237";29672;"MORLAIX CEDEX";"02 98 62 61 60 "
"156";"290000058";"CHRU BREST SITE HOPITAL MORVAN";"";"5 AVENUE FOCH";"BP 824";29609;"BREST CEDEX 2";"02 98 22 33 33 "
"157";"290000066";"CENTRE HOSPITALIER CONCARNEAU";"LE PORZOU";"61 ROUTE DE TREGUNC";"";29900;"CONCARNEAU";"02 98 50 30 30 "
"158";"290000173";"CH FERDINAND GRALL LANDERNEAU";"";"1 ROUTE DE PENCRAN";"LD LAVALLOT";29207;"LANDERNEAU CEDEX";"02 98 21 80 00 "
"159";"290000181";"CENTRE HOSPITALIER DOUARNENEZ";"";"83 RUE LAENNEC";"BP 156";29171;"DOUARNENEZ CEDEX";"02 98 75 10 10 "
"160";"290000256";"CHRU BREST SITE HOPITAL DE CARHAIX";"";"RUE DR MENGUY";"BP 157";29835;"CARHAIX PLOUGUER CEDEX";"02 98 99 20 20 "
"161";"290000728";"HOPITAL INSTRUCTION DES ARMEES";"";"RUE COLONEL FONFERRIER";"";29240;"BREST CEDEX 9";"02 98 43 70 00 "
"162";"290000785";"ETABLISSEMENT DE SOINS HOTEL DIEU";"";"RUE ROGER SIGNOR";"BP 67";29120;"PONT L ABBE";"02 98 82 40 40 "
"163";"290000934";"C.H DE QUIMPERLE SITE LA VILLENEUVE";"";"20 AVENUE MARECHAL LECLERC";"";29391;"QUIMPERLE CEDEX";"02 98 96 60 00 "
"164";"290004324";"CHRU BREST SITE HOPITAL CAVALE BLANCHE";"";"BOULEVARD TANGUY PRIGENT";"BP 824";29609;"BREST CEDEX 2";"02 98 22 33 33 "
"165";"290019777";"POLYCLINIQUE DE KERAUDREN";"";"RUE ERNESTINE DE TREMAUDAN";"BP 62043";29220;"BREST CEDEX 2";"02 98 34 29 29 "
"166";"290029982";"SMUR SITE CH DOUARNENEZ - CHIC";"";"83 RUE LAENNEC";"BP 156";29100;"DOUARNENEZ";""
"167";"2A0000022";"CH ND LA MISERICORDE";"";"27 AVENUE IMPERATRICE EUGENIE";"";20184;"AJACCIO CEDEX 1";"04 95 29 90 90 "
"168";"2A0000154";"CLINIQUE DU SUD DE LA CORSE";"";"RUE DU DOCTEUR JOURDAN";"CARREFOUR DE L'OSPÉDALE";20538;"PORTO VECCHIO CEDEX";"04 95 73 80 00 "
"169";"2A0003125";"ANTENNE DU SMUR  SARTENE";"HOPITAL LOCAL DE SARTENE";"ROUTE DE GROSSA";"CACCIABEDDU";20100;"SARTENE";"04 95 77 95 00 "
"170";"2A0003133";"ANTENNE DU SMUR PORTO VECCHIO";"";"";"BACAJA";20137;"PORTO VECCHIO";""
"171";"2A0003141";"ANTENNE DU SMUR  BONIFACIO";"HOPITAL LOCAL DE BONIFACIO";"";"BP 58";20169;"BONIFACIO";"04 95 73 95 73 "
"172";"2B0000012";"CENTRE HOSPITALIER DE BASTIA";"FALCONAJA";"";"BP 680";20604;"BASTIA CEDEX";"04 95 59 11 11 "
"173";"2B0000038";"CH CORTE";"";"ALLEE 9 SEPTEMBRE";"BP 41";20250;"CORTE";"04 95 45 05 00 "
"174";"2B0005359";"CH CALVI";"";"";"LIEU DIT GUAZZOLE";20260;"CALVI";""
"175";"300000023";"CENTRE HOSPITALIER ALES CEVENNES";"";"811 AVENUE DOCTEUR JEAN GOUBERT";"BP 20139";30103;"ALES CEDEX";"04 66 78 31 11 "
"176";"300000031";"CENTRE HOSPITALIER LOUIS PASTEUR";"";"AVENUE ALPHONSE DAUDET";"BP 75163";30205;"BAGNOLS SUR CEZE CEDEX";"04 66 79 10 11 "
"177";"300780137";"NOUVELLE CLINIQUE BONNEFON";"";"45 AVENUE CARNOT";"BP 80189";30104;"ALES CEDEX";"08 26 20 73 30 "
"178";"300782117";"GROUPE HOSPITALIER CAREMEAU CHU NIMES";"";"PLACE DU PROFESSEUR ROBERT DEBRE";"";30029;"NIMES CEDEX 9";"04 66 68 68 68 "
"179";"300788502";"POLYCLINIQUE GRAND SUD";"";"350 AVENUE DE SAINT ANDRE DE CODOLS";"BP 55";30932;"NIMES CEDEX 9";"04 66 04 33 04 "
"180";"310000310";"CENTRE HOSPITALIER COMMINGES PYRENEES";"";"351 AVENUE DE SAINT PLANCARD";"BP 183";31806;"ST GAUDENS CEDEX";"05 62 00 40 00 "
"181";"310016977";"HOPITAUX MERE & ENFANTS  CHU TLSE";"";"330 AVENUE DE GRANDE BRETAGNE";"TSA 700 34";31059;"TOULOUSE CEDEX 9";""
"182";"310780101";"CLINIQUE SAINT JEAN LANGUEDOC";"";"20 ROUTE DE REVEL";"";31077;"TOULOUSE CEDEX 4";"05 61 54 91 91 "
"183";"310780283";"CLINIQUE DE L'UNION";"";"BOULEVARD DE RATALENS";"BP 24336 SAINT JEAN";31243;"L UNION CEDEX";"05 61 37 81 81 "
"184";"310780382";"CLINIQUE AMBROISE PARE";"";"387 ROUTE DE SAINT SIMON";"";31082;"TOULOUSE CEDEX 1";"08 26 30 19 19 "
"185";"310781000";"CLINIQUE DES CEDRES";"";"CHATEAU D'ALLIEZ";"";31700;"CORNEBARRIEU";"05 62 13 31 31 "
"186";"310781067";"HOPITAL JOSEPH DUCUING";"";"15 RUE DE VARSOVIE";"";31076;"TOULOUSE CEDEX 3";"05 61 77 34 00 "
"187";"310781505";"CLINIQUE D'OCCITANIE";"";"20 AVENUE BERNARD IV";"BP 40304";31605;"MURET CEDEX";"05 61 51 88 88 "
"188";"310783048";"HOPITAL DE PURPAN CHU TOULOUSE";"";"1 PLACE DU DOCTEUR BAYLAC";"TSA 400 31";31059;"TOULOUSE CEDEX 9";"05 61 77 22 33 "
"189";"310783055";"HOPITAL DE RANGUEIL CHU TOULOUSE";"";"AVENUE JEAN POULHES";"TSA 500 32";31059;"TOULOUSE CEDEX 9";"05 61 32 25 33 "
"190";"320000086";"CENTRE HOSPITALIER D'AUCH";"";"ALLEE MARIE CLARAC";"BP 382";32008;"AUCH CEDEX";"05 62 61 32 32 "
"191";"320000102";"CENTRE HOSPITALIER DE CONDOM";"";"21 AVENUE DU MARECHAL JOFFRE";"";32100;"CONDOM";"05 62 28 20 77 "
"192";"330000555";"CENTRE HOSPITALIER D'ARCACHON";"";"AVENUE JEAN HAMEAU";"CS 11001";33164;"LA TESTE CEDEX";"05 57 52 90 08 "
"193";"330000571";"CH DE LA HAUTE GIRONDE";"";"97 RUE DE L'HOPITAL";"BP 90";33394;"BLAYE CEDEX";"05 57 33 40 00 "
"194";"330000589";"CENTRE HOSPITALIER DE LANGON";"";"RUE PAUL LANGEVIN";"BP 60283";33212;"LANGON CEDEX";"05 56 76 57 57 "
"195";"330000597";"CENTRE HOSPITALIER DE LA REOLE";"";"3 PLACE ST MICHEL";"BP 90055";33192;"LA REOLE CEDEX";"05 56 61 53 53 "
"196";"330000605";"CTRE HOSPIT.R.BOULIN-LIBOURNE";"";"112 RUE DE LA MARNE";"BP 199";33505;"LIBOURNE CEDEX";"05 57 55 34 34 "
"197";"330000613";"CENTRE HOSPITALIER STE FOY LA GRANDE";"";"1 AVENUE CHARRIER";"BP 10";33220;"STE FOY LA GRANDE";"05 57 41 96 52 "
"198";"330780263";"POLYCLINIQUE BORDEAUX RIVE DROITE";"";"24 RUE DES CAVAILLES";"";33310;"LORMONT";"05 57 80 84 84 "
"199";"330780479";"POLYCLIN BORDEAUX-NORD AQUITAINE";"";"15 RUE CLAUDE BOUCHER";"";33300;"BORDEAUX";"05 56 43 71 11 "
"200";"330780495";"CLINIQUE MUTUALISTE DU MEDOC";"";"64 RUE ARISTIDE BRIAND";"BP 71";33340;"LESPARRE MEDOC";"05 56 73 10 00 "
"201";"330780529";"CLINIQUE MUTUALISTE DE PESSAC";"";"46 AVENUE DU DR SCHWEITZER";"";33608;"PESSAC CEDEX";"08 26 30 56 46 "
"202";"330780537";"CENTRE MEDICO-CHIRURGICAL";"";"14 BOULEVARD JAVAL";"";33740;"ARES";"05 56 03 87 00 "
"203";"330781303";"HIA ROBERT PICQUE";"";"351 ROUTE DE TOULOUSE";"CS 80002";33882;"VILLENAVE D ORNON CEDEX";"05 56 84 70 00 "
"204";"330781352";"HOPITAL SAINT-ANDRE - CHU";"";"1 RUE JEAN BURGUET";"";33075;"BORDEAUX CEDEX";"05 56 79 56 79 "
"205";"330781360";"GROUPE HOSPITALIER PELLEGRIN - CHU";"";"PLACE AMELIE RABA LEON";"";33076;"BORDEAUX CEDEX";"05 56 79 56 79 "
"206";"330783648";"HOPITAL HAUT-LEVEQUE - CHU";"";"AVENUE DE MAGELLAN";"";33604;"PESSAC CEDEX";"05 56 55 65 65 "
"207";"340000033";"CENTRE HOSPITALIER BEZIERS";"ZAC DE MONTMIRAN";"2 RUE VALENTIN HAÜY";"BP 740";34525;"BEZIERS CEDEX";"04 67 35 70 35 "
"208";"340000223";"HOPITAL SAINT CLAIR HBT SETE";"";"BOULEVARD CAMILLE BLANC";"BP 475";34207;"SETE CEDEX";"04 67 46 57 57 "
"209";"340000231";"CH POLE DE SANTE DE LUNEL";"";"141 PLACE DE LA REPUBLIQUE";"BP 214";34403;"LUNEL CEDEX";"04 67 87 71 00 "
"210";"340015502";"CLINIQUE DU MILLENAIRE";"";"220 BOULEVARD PENELOPE";"CS 59523";34960;"MONTPELLIER CEDEX 2";"04 99 53 60 00 "
"211";"340015965";"POLYCLINIQUE SAINT PRIVAT";"";"10 RUE DE LA MARGERIDE";"BP 90051";34760;"BOUJAN SUR LIBRON";"04 67 35 46 00 "
"212";"340021443";"GCS SU LODEVOIS";"";"13 BOULEVARD PASTEUR";"BP 70";34702;"LODEVE CEDEX";"04 67 88 30 00 "
"213";"340780147";"POLYCLINIQUE DES TROIS VALLEES";"";"4 ROUTE DE SAINT PONS";"";34600;"BEDARIEUX";"04 67 95 56 56 "
"214";"340780154";"POLYCLINIQUE PASTEUR";"";"3 RUE PASTEUR";"";34120;"PEZENAS";"04 67 90 41 42 "
"215";"340780436";"HOPITAL SAINT LOUP HBT AGDE";"";"BOULEVARD DES HELLENES";"";34300;"AGDE";"04 99 44 20 00 "
"216";"340780634";"CLINIQUE SAINT JEAN";"";"36 AVENUE BOUISSON BERTRAND";"";34093;"MONTPELLIER CEDEX 5";"04 67 61 20 00 "
"217";"340780642";"CLINIQUE BEAU SOLEIL";"";"119 AVENUE DE LODEVE";"";34070;"MONTPELLIER";"04 67 75 99 99 "
"218";"340780667";"CLINIQUE DU PARC";"";"50 RUE EMILE COMBES";"BP 20";34171;"CASTELNAU LE LEZ CEDEX";"04 67 33 13 31 "
"219";"340780683";"POLYCLINIQUE SAINT ROCH";"";"43 RUE DU FAUBOURG SAINT JAUMES";"CS 1122";34967;"MONTPELLIER CEDEX 2";"04 67 61 88 88 "
"220";"340780717";"CLINIQUE SAINT LOUIS";"";"13 PLACE JOSEPH BOUDOURESQUES";"BP 103";34190;"GANGES";"04 67 81 68 00 "
"221";"340780725";"CLINIQUE VIA DOMITIA POLE DE SANTE";"POLE DE SANTE PROF LOUIS SERRE";"CHEMIN DES ALICANTES";"";34400;"LUNEL";"04 67 91 92 00 "
"222";"340785161";"HOPITAL LAPEYRONIE CHU MONTPELLIER";"";"371 AVENUE DU DOYEN GASTON GIRAUD";"";34295;"MONTPELLIER CEDEX 5";"04 67 33 67 33 "
"223";"350000121";"CHP SAINT GREGOIRE";"";"6 BOULEVARD DE LA BOUTIERE";"CS 56816";35768;"ST GREGOIRE CEDEX";"02 99 23 33 33 "
"224";"350000147";"CENTRE HOSPITALIER SAINT-MALO";"";"1 RUE DE LA MARNE";"";35403;"ST MALO CEDEX";"02 99 21 21 21 "
"225";"350000154";"C.H FOUGERES";"";"133 RUE DE LA FORET";"BP 10561";35305;"FOUGERES CEDEX";"02 99 17 70 00 "
"226";"350000162";"CENTRE HOSPITALIER DE REDON";"";"8 AVENUE ETIENNE GASCON";"BP 139";35603;"REDON CEDEX";"02 99 71 71 71 "
"227";"350000188";"CENTRE HOSPITALIER   VITRE";"";"30 ROUTE DE RENNES";"";35506;"VITRE CEDEX";"02 99 74 14 14 "
"228";"350000741";"CHRU RENNES SITE PONTCHAILLOU";"PONTCHAILLOU";"2 RUE HENRI LE GUILLOUX";"";35000;"RENNES";"02 99 28 43 21 "
"229";"350005146";"HOPITAL PRIVE SEVIGNE";"";"3 RUE DU CHENE GERMAIN";"CS 27608";35576;"CESSON SEVIGNE CEDEX";"02 99 25 50 50 "
"230";"350007084";"CHRU RENNES SITE HOPITAL SUD";"";"16 BOULEVARD DE BULGARIE";"BP 90349";35000;"RENNES";"02 99 26 67 44 "
"231";"360000038";"CH LA TOUR BLANCHE -  ISSOUDUN";"";"AVENUE JEAN BONNEFONT";"BP 190";36105;"ISSOUDUN CEDEX";"02 54 03 54 03 "
"232";"360000137";"CH CHATEAUROUX";"";"216 AVENUE DE VERDUN";"BP 585";36019;"CHATEAUROUX CEDEX";"02 54 29 60 00 "
"233";"360000160";"CH DU BLANC";"";"5 RUE PIERRE MILON";"BP 202";36300;"LE BLANC";"02 54 28 28 28 "
"234";"370000093";"CLINIQUE DE L'ALLIANCE - ST CYR/LOIRE";"";"1 BOULEVARD ALFRED NOBEL";"";37540;"ST CYR SUR LOIRE";"02 47 88 37 37 "
"235";"370000499";"CHRU CLOCHEVILLE - TOURS";"";"49 BOULEVARD BERANGER";"";37044;"TOURS CEDEX 9";"02 47 47 60 99 "
"236";"370000531";"CH DU CHINONAIS";"";"28 ROUTE DEPARTEMENTALE 751";"BP 248";37500;"ST BENOIT LA FORET";"02 47 93 75 72 "
"237";"370000879";"CHIC - AMBOISE- HÔPITAL ROBERT DEBRÉ";"";"RUE DES URSULINES";"BP 329";37403;"AMBOISE CEDEX";"02 47 23 33 33 "
"238";"370000903";"CH PAUL MARTINAIS - LOCHES";"";"1 RUE DU DOCTEUR MARTINAIS";"";37600;"LOCHES";"02 47 91 33 33 "
"239";"370004467";"CHRU TROUSSEAU - CHAMBRAY";"";"AVENUE DE LA REPUBLIQUE";"";37170;"CHAMBRAY LES TOURS";"02 47 47 47 47 "
"240";"370007569";"PÔLE SANTÉ LÉONARD DE VINCI";"";"1 AVENUE DU PROF ALEXANDRE MINKOWSKI";"BP 70560";37175;"CHAMBRAY LES TOURS CEDEX";"02 47 22 21 11 "
"241";"380000026";"CH DE LA MURE";"";"62 RUE DES ALPES";"BP 56";38350;"LA MURE D ISERE";"04 76 81 42 00 "
"242";"380000034";"CH PIERRE OUDOT BOURGOIN JALLIEU";"";"30 AVENUE DU MÉDIPÔLE";"BP 40348";38302;"BOURGOIN JALLIEU CEDEX";"04 74 27 30 99 "
"243";"380000042";"CH YVES TOURAINE";"";"LE THOMASSIN";"BP 8";38480;"LE PONT DE BEAUVOISIN";"04 76 32 64 32 "
"244";"380000067";"HOPITAL NORD";"";"BOULEVARD DE LA CHANTOURNE";"";38700;"LA TRONCHE";"04 76 76 50 43 "
"245";"380000174";"CH LUCIEN HUSSEL VIENNE";"";"MONT SALOMON";"BP 127";38209;"VIENNE CEDEX";"04 74 31 33 33 "
"246";"380000406";"CH DE VOIRON";"";"14 ROUTE DES GORGES";"BP 208";38506;"VOIRON CEDEX";"04 76 67 14 91 "
"247";"380012658";"GROUPE HOSPIT. MUTUALISTE DE GRENOBLE";"";"8 RUE DOCTEUR CALMETTE";"";38028;"GRENOBLE CEDEX 1";"04 76 70 70 00 "
"248";"380781450";"CLINIQUE SAINT CHARLES ROUSSILLON";"";"RUE FERNAND LÉGER";"";38150;"ROUSSILLON";"04 74 29 28 28 "
"249";"380782722";"HOPITAL SUD";"";"AVENUE KIMBERLEY";"";38130;"ECHIROLLES";"04 76 76 75 75 "
"250";"380785956";"CLINIQUE DES CÈDRES";"";"21 RUE ALBERT LONDRES";"";38130;"ECHIROLLES";"08 25 56 56 38 "
"251";"390000040";"CH LONS";"";"55 RUE DU DR JEAN MICHEL";"CS 50364";39016;"LONS LE SAUNIER CEDEX";"03 84 35 60 00 "
"252";"390000065";"CH LOUIS JAILLON SAINT CLAUDE";"";"2 MONTEE DE L'HOPITAL";"BP 153";39206;"ST CLAUDE CEDEX";"03 84 41 33 33 "
"253";"390000214";"CH CHAMPAGNOLE";"";"1 RUE DE FRANCHE COMTE";"BP 110";39302;"CHAMPAGNOLE CEDEX";"03 84 53 02 02 "
"254";"390000222";"CH L PASTEUR DOLE";"";"AVENUE LEON JOUHAUX";"BP 79";39108;"DOLE CEDEX";"03 84 79 80 80 "
"255";"390005742";"ANTENNE SMUR DU CH DE LONS";"CH L BERARD MOREZ";"RUE DES ESSARTS";"BP 85";39403;"MOREZ CEDEX";""
"256";"400000105";"CENTRE HOSPITALIER DAX";"";"51 BOULEVARD YVES DU MANOIR";"BP 323";40107;"DAX CEDEX";"05 58 91 48 48 "
"257";"400000139";"CENTRE HOSPITALIER DE MONT DE MARSAN";"";"AVENUE PIERRE DE COUBERTIN";"";40024;"MONT DE MARSAN CEDEX";"05 58 05 10 10 "
"258";"400011383";"ANTENNE SAISONNIERE SMUR - HOSSEGOR";"";"56 RUE DES ECOLES";"";40150;"SOORTS HOSSEGOR";"05 58 91 48 48 "
"259";"400011391";"ANTENNE SAISONNIERE SMUR - MIMIZAN";"";"";"";40200;"MIMIZAN";"05 58 91 48 48 "
"260";"400012506";"ANTENNE SAISONNIERE SMUR - BISCARROSSE";"";"";"";40600;"BISCARROSSE";""
"261";"400012514";"ANTENNE SMUR - LABOUHEYRE";"";"";"";40210;"LABOUHEYRE";""
"262";"400012522";"ANTENNE SMUR - AIRE-SUR-L'ADOUR";"";"";"";40800;"AIRE SUR L ADOUR";""
"263";"400782769";"POLYCLINIQUE LES CHENES";"";"RUE CHANTEMERLE";"BP 69";40801;"AIRE SUR L ADOUR CEDEX";"05 58 06 64 64 "
"264";"410000020";"CH BLOIS";"";"MAIL PIERRE CHARLOT";"";41016;"BLOIS CEDEX";"02 54 55 66 33 "
"265";"410000038";"CH VENDOME";"";"98 RUE POTERIE";"BP 108";41100;"VENDOME";"02 54 23 33 33 "
"266";"410000046";"CH ROMORANTIN-LANTHENAY";"";"96 RUE DES CAPUCINS";"BP 148";41206;"ROMORANTIN LANTHENAY CEDEX";"02 54 88 33 00 "
"267";"420000010";"CH DE ROANNE";"";"28 RUE DE CHARLIEU";"BP 511";42328;"ROANNE CEDEX";"04 77 44 30 00 "
"268";"420000226";"CH DU FOREZ SITE DE MONTBRISON";"";"AVENUE DES MONTS DU SOIR";"BP 219";42605;"MONTBRISON CEDEX";"04 77 96 78 00 "
"269";"420000234";"CH DE FIRMINY";"";"2 RUE ROBERT PLOTON";"";42700;"FIRMINY";"04 77 40 41 42 "
"270";"420000267";"CH DU FOREZ SITE DE FEURS";"";"26 RUE CAMILLE PARIAT";"BP 122";42110;"FEURS";"04 77 27 54 54 "
"271";"420010050";"CLINIQUE MUTUALISTE CHIRURGICALE";"";"3 RUE LE VERRIER";"BP 209";42013;"ST ETIENNE CEDEX 2";"04 77 12 12 12 "
"272";"420011413";"HÔPITAL PRIVÉ DE LA LOIRE";"";"39 BOULEVARD DE LA PALLE";"";42100;"ST ETIENNE";"04 77 42 29 00 "
"273";"420780504";"CLINIQUE DU PARC ST PRIEST EN JAREZ";"";"9 RUE DE LA PIOT";"";42276;"ST PRIEST EN JAREZ CEDEX";"04 77 92 22 22 "
"274";"420780637";"HÔPITAL DU GIER MCO";"";"19 RUE VICTOR HUGO";"";42403;"ST CHAMOND CEDEX";"04 77 31 19 19 "
"275";"420782310";"CLINIQUE DU RENAISON";"";"75 RUE GENERAL GIRAUD";"";42300;"ROANNE";"04 77 44 45 00 "
"276";"420782559";"HOPITAL DE BELLEVUE";"";"25 BOULEVARD PASTEUR";"";42055;"ST ETIENNE CEDEX 2";"04 77 12 77 00 "
"277";"420785354";"HOPITAL NORD";"";"AVENUE ALBERT RAIMOND";"";42277;"ST PRIEST EN JAREZ CEDEX";"04 77 82 80 02 "
"278";"430000117";"CENTRE HOSPITALIER LE PUY - EMILE ROUX";"";"12 BOULEVARD DU DR CHANTEMESSE";"BP 20352";43012;"LE PUY EN VELAY CEDEX";"04 71 04 32 10 "
"279";"430000190";"CTRE HOSPITALIER DE SECTEUR DE BRIOUDE";"";"2 RUE MICHEL DE L HOSPITAL";"";43100;"BRIOUDE";"04 71 50 99 99 "
"280";"440000016";"CENTRE HOSPITALIER DE SAINT- NAZAIRE";"CITE SANITAIRE GEORGES CHARPAK";"11 BOULEVARD GEORGES CHARPAK";"BP 414";44606;"ST NAZAIRE CEDEX";"02 72 27 80 00 "
"281";"440000271";"CHU DE NANTES :SITE HÔTEL-DIEU- HME";"";"1 PLACE ALEXIS RICORDEAU";"";44093;"NANTES CEDEX 1";"02 40 08 73 23 "
"282";"440000396";"CENTRE HOSPITALIER ANCENIS";"";"160 RUE DU VERGER";"BP 229";44156;"ANCENIS CEDEX";"02 40 09 44 00 "
"283";"440000503";"CENTRE HOSPITALIER CHATEAUBRIANT";"";"9 RUE DE VERDUN";"BP 229";44146;"CHATEAUBRIANT CEDEX";"02 40 55 88 00 "
"284";"440041580";"NOUVELLES CLINIQUES NANTAISES";"SITE DU CONFLUENT";"4 RUE ERIC TABARLY";"";44277;"NANTES CEDEX 2";"02 28 25 50 00 "
"285";"450000021";"CHRO - HÔPITAL MADELEINE";"";"1 RUE PORTE-MADELEINE";"BP 2439";45032;"ORLEANS CEDEX 1";"02 38 51 44 44 "
"286";"450000047";"CH DEZARNAULDS - GIEN";"";"2 AVENUE JEAN VILLEJEAN";"BP 89";45503;"GIEN CEDEX";"02 38 29 38 29 "
"287";"450000062";"CH AGGLOMERATION MONTARGOISE";"";"658 RUE DES BOURGOINS";"BP 725";45200;"AMILLY";"02 38 95 91 11 "
"288";"450000070";"CH PITHIVIERS";"";"10 BOULEVARD BEAUVALLET";"BP 700";45307;"PITHIVIERS CEDEX";"02 38 32 31 31 "
"289";"450000294";"CLINIQUE LA REINE BLANCHE";"POLE DE SANTE ORELIANCE";"555 AVENUE JACQUELINE AURIOL";"";45770;"SARAN";"02 38 79 60 40 "
"290";"450002613";"CHRO - HÔPITAL LA SOURCE -";"";"14 AVENUE DE L'HOPITAL";"BP 6709";45100;"ORLEANS";"02 38 51 44 44 "
"291";"460000045";"CENTRE HOSPITALIER FIGEAC MAQUISARDS";"";"33 RUE DES MAQUISARDS";"";46106;"FIGEAC CEDEX";"05 65 50 65 50 "
"292";"460000052";"CENTRE  HOSPITALIER SAINT CERE";"";"AVENUE DOCTEUR ROUX";"";46400;"ST CERE";"05 65 10 40 00 "
"293";"460000102";"CENTRE HOSPITALIER JEAN COULON GOURDON";"";"AVENUE PASTEUR";"BP 40054";46300;"GOURDON";"05 65 27 65 27 "
"294";"460000110";"CTRE HOSPITALIER JEAN ROUGIER CAHORS";"";"335 RUE PRESIDENT WILSON";"BP 50269";46005;"CAHORS CEDEX 9";"05 65 20 50 50 "
"295";"470000027";"CLINIQUE ESQUIROL-SAINT-HILAIRE";"";"1 RUE DR ET MME DELMAS";"";47002;"AGEN CEDEX";"05 53 47 47 47 "
"296";"470000423";"CH AGEN - HOPITAL SAINT-ESPRIT";"";"ROUTE DE VILLENEUVE";"";47923;"AGEN CEDEX 9";"05 53 69 70 10 "
"297";"470000431";"CENTRE HOSPITALIER DE VILLENEUVE";"";"2 BOULEVARD SAINT CYR";"BP 319";47307;"VILLENEUVE SUR LOT CEDEX";"05 53 40 53 61 "
"298";"470000480";"CENTRE HOSPITALIER DE MARMANDE - CHIC";"";"76 RUE DOCTEUR COURRET";"BP 311";47207;"MARMANDE CEDEX";"05 53 20 30 30 "
"299";"470000522";"CENTRE HOSPITALIER DE NERAC";"";"80 ALLEE D'ALBRET";"";47600;"NERAC";"05 53 97 61 00 "
"300";"480000017";"CENTRE HOSPITALIER MENDE";"";"AVENUE DU 8 MAI 1945";"";48001;"MENDE CEDEX";"04 66 49 49 49 "
"301";"490000049";"CHU D' ANGERS :SITE LARREY";"";"4 RUE LARREY";"";49933;"ANGERS CEDEX 9";"02 41 35 36 37 "
"302";"490000635";"CENTRE HOSPITALIER DE CHOLET";"";"1 RUE MARENGO";"";49325;"CHOLET CEDEX";"02 41 49 60 00 "
"303";"490001765";"CENTRE HOSPITALIER DE SAUMUR";"";"ROUTE DE FONTEVRAUD";"BP 100";49403;"SAUMUR CEDEX";"02 41 53 31 20 "
"304";"490014909";"CLINIQUE DE L'ANJOU";"";"9 RUE DE L HIRONDELLE";"";49044;"ANGERS CEDEX 01";"02 41 44 71 71 "
"305";"500000021";"CH D'AVRANCHES-GRANVILLE";"";"59 RUE DE LA LIBERTE";"BP 338";50303;"AVRANCHES CEDEX";"02 33 89 40 00 "
"306";"500000187";"CENTRE HOSPITALIER PUBLIC DU COTENTIN";"";"46 RUE DU VAL DE SAIRE";"BP 208";50102;"CHERBOURG OCTEVILLE CEDEX";"02 33 20 70 00 "
"307";"500000260";"CH D'AVRANCHES-GRANVILLE";"";"849 RUE DES MENNERIES";"BP 629";50406;"GRANVILLE CEDEX";"02 33 91 50 00 "
"308";"500000427";"CH DE SAINT HILAIRE DU HARCOUET";"";"PLACE DE BRETAGNE";"";50600;"ST HILAIRE DU HARCOUET";"02 33 79 44 44 "
"309";"500000450";"CH MEMORIAL - SAINT-LO";"";"715 RUE DUNANT";"";50009;"ST LO CEDEX";"02 33 06 33 33 "
"310";"500000468";"CENTRE HOSPITALIER PUBLIC DU COTENTIN";"";"1 AVENUE DU 8 MAI 1945";"BP 316";50700;"VALOGNES";"02 33 95 70 00 "
"311";"500000591";"CENTRE HOSPITALIER DE COUTANCES";"";"RUE DE LA GARE";"";50208;"COUTANCES CEDEX";"02 33 47 40 00 "
"312";"510000169";"CENTRE HOSPITALIER DE CHALONS";"";"51 RUE DU COMMANDANT DERRIEN";"";51005;"CHALONS EN CHAMPAGNE CEDEX";"03 26 69 60 60 "
"313";"510000185";"POLYCLINIQUE DE COURLANCY";"";"38 RUE DE COURLANCY";"";51057;"REIMS CEDEX";"03 26 77 26 77 "
"314";"510000193";"POLYCLINIQUE SAINT ANDRE";"";"18 RUE DE L ECU";"";51052;"REIMS CEDEX";"03 26 05 55 55 "
"315";"510000235";"CENTRE HOSPITALIER D'EPERNAY";"";"137 RUE DE L HOPITAL";"BP 137";51205;"EPERNAY CEDEX";"03 26 58 70 70 "
"316";"510000250";"CENTRE HOSPITALIER VITRY LE FRANCOIS";"";"2 RUE CHARLES SIMON";"BP 413";51308;"VITRY LE FRANCOIS CEDEX";"03 26 73 60 60 "
"317";"510002470";"AMERICAN MEMORIAL HOSPITAL CHU REIMS";"";"47 RUE COGNACQ JAY";"";51092;"REIMS CEDEX";"03 26 78 78 78 "
"318";"510004302";"HOPITAL MAISON BLANCHE CHU REIMS";"";"45 RUE COGNACQ JAY";"";51092;"REIMS CEDEX";"03 26 78 78 78 "
"319";"510023914";"ANTENNE DE SMUR - CH CHALONS";"";"12 RUE FLORION";"";51800;"STE MENEHOULD";""
"320";"510023922";"ANTENNE DE SMUR - GHAM";"";"16 RUE DES RECOLLETS";"";51120;"SEZANNE";""
"321";"520000027";"CENTRE HOSPITALIER DE CHAUMONT";"";"2 RUE JEANNE D'ARC";"";52014;"CHAUMONT CEDEX";"03 25 30 70 30 "
"322";"520000043";"CENTRE HOSPITALIER DE LANGRES";"";"10 RUE DE LA CHARITE";"";52200;"LANGRES";"03 25 87 88 88 "
"323";"520000068";"CH GENEVIEVE DE GAULLE ANTHONIOZ";"";"1 RUE ALBERT SHWEITZER";"";52115;"ST DIZIER CEDEX";"03 25 56 84 84 "
"324";"530000017";"CENTRE HOSPITALIER DU HAUT ANJOU";"";"1 QUAI G LEFEVRE";"BP 405";53204;"CHATEAU GONTIER CEDEX";"02 43 09 33 33 "
"325";"530000173";"CENTRE HOSPITALIER NORD MAYENNE";"CS 60102";"229 BOULEVARD PAUL LINTIER";"";53103;"MAYENNE CEDEX";"02 43 08 73 00 "
"326";"530000264";"CENTRE HOSPITALIER DE LAVAL";"";"33 RUE DU HAUT ROCHER";"BP 1525";53015;"LAVAL CEDEX";"02 43 66 50 00 "
"327";"540000015";"CHU NANCY - MATERNITE";"";"10 RUE DU DR HEYDENREICH";"BP 4213";54042;"NANCY CEDEX";"03 83 34 44 44 "
"328";"540000023";"CENTRE HOSPITALIER SAINT CHARLES TOUL";"";"1 COURS RAYMOND POINCARE";"BP 310";54201;"TOUL CEDEX";"03 83 62 20 20 "
"329";"540000155";"CENTRE HOSPITALIER DE LUNEVILLE";"";"6 RUE GIRARDET";"BP 30206";54301;"LUNEVILLE CEDEX";"03 83 76 12 12 "
"330";"540000296";"CENTRE HOSPITALIER DE PONT A MOUSSON";"";"PLACE COLOMBE";"BP 269";54701;"PONT A MOUSSON CEDEX";"03 83 80 20 00 "
"331";"540000486";"POLYCLINIQUE DE GENTILLY ET SAINT DON";"";"2 RUE MARIE MARVINGT";"";54100;"NANCY";"08 25 12 18 25 "
"332";"540001070";"CENTRE HOSPITALIER MAILLOT BRIEY";"";"31 AVENUE ALBERT DE BRIEY";"BP 99";54151;"BRIEY CEDEX";"03 82 47 50 00 "
"333";"540001096";"CH DE MT ST MARTIN ( ALPHA SANTE )";"";"4 RUE ALFRED LABBE";"";54350;"MONT ST MARTIN";"03 82 44 70 00 "
"334";"540001138";"CHU NANCY - HOPITAL CENTRAL";"";"29 AVENUE DE LATTRE DE TASSIGNY";"CO 60034";54035;"NANCY CEDEX";"03 83 85 85 85 "
"335";"540002698";"CHU NANCY - HOPITAUX DE BRABOIS";"";"RUE DU MORVAN";"";54511;"VANDOEUVRE LES NANCY CEDEX";"03 83 15 30 30 "
"336";"550000012";"CH VERDUN/ST MIHIEL-HOP ST NICOLAS";"";"2 RUE D'ANTHOUARD";"BP 20713";55107;"VERDUN CEDEX";"03 29 83 84 85 "
"337";"550000434";"CENTRE HOSPITALIER DE BAR-LE-DUC";"";"1 BOULEVARD D'ARGONNE";"BP 510";55012;"BAR LE DUC CEDEX";"03 29 45 88 88 "
"338";"560000127";"CHBA SITE DE VANNES";"";"20 BOULEVARD GENERAL M GUILLAUDOT";"BP 70555";56017;"VANNES CEDEX";"02 97 01 41 41 "
"339";"560000135";"CHBS- HÔPITAL DU SCORFF";"";"5 AVENUE DE CHOISEUL";"BP 12233";56322;"LORIENT CEDEX";"02 97 06 90 90 "
"340";"560000143";"CHCB- SITE KÉRIO";"";"KÉRIO";"BP 23";56920;"NOYAL PONTIVY";"02 97 79 00 00 "
"341";"560000192";"CENTRE HOSPITALIER DE PLOERMEL";"";"7 RUE DU ROI ARTHUR";"BP 131";56800;"PLOERMEL";"02 97 73 26 26 "
"342";"560000200";"CHBA SITE D'AURAY";"";"2 RUE DU PRATEL";"";56400;"AURAY";"02 97 56 42 42 "
"343";"560024457";"ANTENNE URGENCE SITE D'AURAY CHBA";"";"RUE DU DOCTEUR LAENNEC";"";56400;"AURAY";""
"344";"570000059";"CH MARIE-MADELEINE";"";"2 RUE THERESE";"BP 80229";57604;"FORBACH CEDEX";"03 87 88 80 00 "
"345";"570000117";"CH DE SARREBOURG - HOPITAL ST NICOLAS";"";"25 AVENUE DU GENERAL DE GAULLE";"BP 80269";57402;"SARREBOURG CEDEX";"03 87 23 24 25 "
"346";"570000216";"HOSPITALOR HOPITAL DE ST AVOLD";"";"RUE AMBROISE PARE";"BP 20204";57502;"ST AVOLD CEDEX";"03 87 91 14 44 "
"347";"570000281";"HOPITAL D'HAYANGE";"";"51 RUE DE WENDEL";"BP 50525";57701;"HAYANGE CEDEX";"03 82 57 73 73 "
"348";"570000349";"CHR METZ-THIONVILLE - HOPITAL BEL AIR";"";"1 RUE DE FRISCATY";"BP 60327";57126;"THIONVILLE CEDEX";"03 82 55 82 55 "
"349";"570000596";"HIA LEGOUEST";"";"27 AVENUE DE PLANTIERES";"";57000;"METZ";"03 87 56 46 46 "
"350";"570000646";"HOPITAL-CLINIQUE CLAUDE BERNARD";"";"97 RUE CLAUDE BERNARD";"BP 45050";57000;"METZ";"08 26 30 66 66 "
"351";"570000661";"HOPITAL SAINT JOSEPH DE BITCHE";"";"1 RUE DE LEBACH";"BP 70";57233;"BITCHE CEDEX";"03 87 98 76 00 "
"352";"570000901";"CENTRE HOSPITALIER ROBERT PAX";"";"2 RUE RENE FRANCOIS-JOLLY";"";57211;"SARREGUEMINES CEDEX";"03 87 27 33 10 "
"353";"570026682";"CHR METZ THIONVILLE - HOPITAL DE MERCY";"";"1 ALLEE DU CHATEAU";"CS 45001";57530;"ARS LAQUENEXY";"03 87 55 31 31 "
"354";"580972669";"CH CLAMECY";"";"14 RUE BEAUGY";"";58500;"CLAMECY";"03 86 27 60 00 "
"355";"580972677";"CH COSNE-COURS-SUR-LOIRE";"";"96 RUE MARÉCHAL  LECLERC";"";58200;"COSNE COURS SUR LOIRE";"03 86 26 54 54 "
"356";"580972685";"CH DECIZE";"";"74 ROUTE DE MOULINS";"";58302;"DECIZE CEDEX";"03 86 77 78 79 "
"357";"580972693";"C.H DE L'AGGLOMÉRATION DE NEVERS";"";"1 BOULEVARD DE L'HOPITAL";"BP 649";58033;"NEVERS CEDEX";"03 86 93 70 00 "
"358";"590000121";"CH SECLIN";"";"4 AVENUE DES MARRONNIERS";"BP 109";59471;"SECLIN CEDEX";"03 20 62 70 00 "
"359";"590000337";"CH DUNKERQUE";"";"130 AVENUE LOUIS HERBEAUX";"BP 6367";59140;"DUNKERQUE";"03 28 28 59 00 "
"360";"590000428";"CH CAMBRAI";"";"516 AVENUE DE PARIS";"BP 389";59407;"CAMBRAI CEDEX";"03 27 73 73 73 "
"361";"590000436";"CH LE CATEAU";"";"28 BOULEVARD PATURLE";"";59360;"LE CATEAU CAMBRESIS";"03 27 84 66 66 "
"362";"590000469";"CH FOURMIES";"";"RUE DE L HOPITAL";"BP 29";59611;"FOURMIES CEDEX";"03 27 56 47 47 "
"363";"590000535";"CH SAMBRE AVESNOIS MAUBEUGE";"";"13 BOULEVARD PASTEUR";"BP 249";59607;"MAUBEUGE CEDEX";"03 27 69 43 43 "
"364";"590000592";"CH DENAIN";"";"25 RUE J JAURES";"BP 225";59723;"DENAIN CEDEX";"03 27 24 30 00 "
"365";"590000618";"CH VALENCIENNES";"";"114 AVENUE DESANDROUINS";"BP 479";59322;"VALENCIENNES CEDEX";"03 27 14 33 33 "
"366";"590000758";"CH ARMENTIERES";"";"112 RUE SADI CARNOT";"BP 189";59421;"ARMENTIERES CEDEX";"03 20 48 33 33 "
"367";"590000774";"CH HAZEBROUCK";"";"1 RUE DE L'HOPITAL";"BP 209";59524;"HAZEBROUCK CEDEX";"03 28 42 66 00 "
"368";"590001004";"CENTRE HOSPITALIER DE DOUAI";"";"ROUTE DE CAMBRAI";"BP 10740 CEDEX";59507;"DOUAI CEDEX";"03 27 99 61 61 "
"369";"590001749";"POLYCLINIQUE DE GRANDE SYNTHE";"";"AVENUE DE LA POLYCLINIQUE";"BP 20159";59792;"GRANDE SYNTHE CEDEX";"03 28 58 60 00 "
"370";"590006607";"HOP JEANNE DE FLANDRE CHR LILLE";"";"2 AVENUE OSCAR LAMBRET";"";59000;"LILLE";"03 20 44 59 62 "
"371";"590008041";"POLYCLINIQUE VAUBAN";"";"10 AVENUE VAUBAN";"";59300;"VALENCIENNES";"03 27 32 42 52 "
"372";"590780268";"POLYCLINIQUE DU BOIS";"";"44 RUE MARX DORMOY";"BP 59";59003;"LILLE CEDEX";"03 20 22 56 00 "
"373";"590780284";"GPT HOPITAUX INSTITUT CATHOLIQUE LILLE";"";"115 RUE DU GRAND BUT";"";59462;"LOMME CEDEX";"03 20 22 50 50 "
"374";"590780383";"HOPITAL PRIVE LA LOUVIERE";"";"69 RUE DE LA LOUVIERE";"";59042;"LILLE CEDEX";"03 20 15 70 00 "
"375";"590782553";"HOPITAL PRIVE DE VILLENEUVE D'ASCQ";"";"20 AVENUE DE LA RECONNAISSANCE";"QUARTIER DU RECUEIL";59650;"VILLENEUVE D ASCQ";"03 20 99 41 41 "
"376";"590784864";"HOP CALMETTE CHR LILLE";"";"BOULEVARD DU PR LECLERCQ";"";59037;"LILLE CEDEX";"03 20 44 59 62 "
"377";"590787586";"HOP CARDIOLOGIQUE CHR LILLE";"";"2 AVENUE OSCAR LAMBRET";"";59037;"LILLE CEDEX";"03 20 44 52 74 "
"378";"590796975";"HOP SALENGRO - HOPITAL B CHR LILLE";"CITE HOSPITALIERE";"2 AVENUE OSCAR LAMBRET";"";59037;"LILLE CEDEX";"03 20 44 59 62 "
"379";"590797353";"HOPITAL SAINT VINCENT - SAINT ANTOINE";"";"51 BOULEVARD DE BELFORT";"";59020;"LILLE CEDEX";""
"380";"590801106";"HOPITAL VICTOR PROVO";"";"11 BOULEVARD LACORDAIRE";"BP 359";59056;"ROUBAIX CEDEX 1";"03 20 99 31 31 "
"381";"590804696";"HOPITAL GUY CHATILIEZ CH TOURCOING";"";"155 RUE DU PRESIDENT COTY";"";59208;"TOURCOING CEDEX";"03 20 69 49 49 "
"382";"590811279";"HOP CLAUDE HURIEZ CHR LILLE";"";"RUE MICHEL POLONOVSKI";"";59037;"LILLE CEDEX";"03 20 44 59 62 "
"383";"590816310";"CLINIQUE SAINT AME";"";"RUE CLEMENCEAU";"";59552;"LAMBRES LEZ DOUAI";"03 27 71 17 11 "
"384";"600000053";"CH GHPSO SENLIS";"";"4 AVENUE PAUL ROUGÉ";"BP 121";60309;"SENLIS CEDEX";"03 44 21 70 00 "
"385";"600000186";"CH CLERMONT";"";"RUE FRÉDÉRIC RABOISSON";"";60600;"CLERMONT";"03 44 77 33 00 "
"386";"600000194";"CH BEAUVAIS";"";"40 AVENUE LÉON BLUM";"BP 40 319";60021;"BEAUVAIS CEDEX";"03 44 11 21 21 "
"387";"600000285";"CH CHICN NOYON";"";"AVENUE D'ALSACE LORRAINE";"BP 159";60406;"NOYON CEDEX";"03 44 44 42 22 "
"388";"600000467";"CH GHPSO CREIL";"";"BOULEVARD LAENNEC";"BP 72";60109;"CREIL CEDEX 1";"03 44 61 60 00 "
"389";"600100754";"POLYCLINIQUE SAINT CÔME";"";"7 RUE JEAN-JACQUES BERNARD";"BP 70 409";60204;"COMPIEGNE CEDEX";"03 44 92 43 43 "
"390";"600113476";"CH CHICN COMPIÈGNE";"ZAC DE MERCIÈRE - ZONE 3";"8 AVENUE HENRI ADNOT";"BP 50 029";60321;"COMPIEGNE CEDEX";"03 44 23 60 00 "
"391";"610000044";"CENTRE HOSPITALIER DE L'AIGLE";"";"10 RUE DU DOCTEUR FRINAULT";"BP 189";61305;"L AIGLE CEDEX";"02 33 24 95 95 "
"392";"610000051";"C.H.I.C ALENCON - MAMERS";"";"25 RUE DE FRESNAY";"BP 354";61014;"ALENCON CEDEX";"02 33 32 30 30 "
"393";"610000069";"CENTRE HOSPITALIER D'ARGENTAN";"";"47 RUE ARISTIDE BRIAND";"BP 209";61202;"ARGENTAN CEDEX";"02 33 12 33 12 "
"394";"610000077";"CH MARGUERITE DE LORRAINE-MORTAGNE";"";"9 RUE DE LONGNY";"BP 33";61400;"MORTAGNE AU PERCHE";"02 33 83 40 40 "
"395";"610000119";"CH 'JACQUES MONOD' - FLERS";"";"RUE EUGÈNE GARNIER";"BP 219";61104;"FLERS CEDEX";"02 33 62 62 00 "
"396";"610780108";"CH INTERCOMMUNAL DES ANDAINES";"";"RUE DE LA GARE";"";61700;"DOMFRONT";"02 33 30 57 57 "
"397";"610780116";"CH INTERCOMMUNAL DES ANDAINES";"";"RUE SOEUR MARIE BOITIER";"BP 99";61600;"LA FERTE MACE";"02 33 30 50 50 "
"398";"620000034";"CH ARRAS";"";"BOULEVARD BESNIER";"BP 914";62022;"ARRAS CEDEX";"03 21 21 10 10 "
"399";"620000224";"CH BETHUNE";"";"RUE DELBECQUE";"BP 809";62408;"BETHUNE CEDEX";"03 21 64 43 96 "
"400";"620000257";"CH LENS";"";"99 ROUTE DE LA BASSEE";"SP 8";62307;"LENS CEDEX";"03 21 69 12 34 "
"401";"620000323";"CH CALAIS";"";"1601 BOULEVARD DES JUSTES";"BP 339";62107;"CALAIS CEDEX";"03 21 46 33 33 "
"402";"620000349";"CH REGION DE ST OMER";"";"ROUTE DE BLENDECQUES";"BP 60357 HELFAUT";62505;"ST OMER CEDEX";"03 21 88 70 00 "
"403";"620000653";"CH BOULOGNE-SUR-MER";"";"RUE JACQUES MONOD";"BP 609";62321;"BOULOGNE SUR MER CEDEX";"03 21 99 33 33 "
"404";"620003202";"CH ARROND DE MONTREUIL";"";"140 CHEMIN DEPARTEMENTAL";"BP 8";62180;"RANG DU FLIERS";"03 21 89 45 45 "
"405";"620003350";"POLYCLINIQUE DE RIAUMONT";"";"RUE D'ENTRE DEUX MONTS";"";62800;"LIEVIN";"03 21 44 80 80 "
"406";"620003376";"POLYCLINIQUE MED CHIR D'HENIN-BEAUMONT";"";"ROUTE DE COURRIERES";"BP 199";62256;"HENIN BEAUMONT CEDEX";"03 21 13 30 00 "
"407";"620025346";"POLYCLINIQUE DE LA 'CLARENCE'";"";"RUE DU DOCTEUR LEGAY";"";62460;"DIVION";"03 21 54 90 00 "
"408";"620100735";"CLINIQUE ANNE ARTOIS";"";"100 RUE EMILE BASLY";"BP 195";62404;"BETHUNE CEDEX";"08 26 20 01 10 "
"409";"630000404";"CHU G. MONTPIED";"";"58 RUE MONTALEMBERT";"";63003;"CLERMONT FERRAND CEDEX 1";"04 73 75 07 50 "
"410";"630000412";"CENTRE HOSPITALIER D'AMBERT";"";"14 AVENUE GEORGES CLEMENCEAU";"";63600;"AMBERT";"04 73 82 73 82 "
"411";"630000420";"CENTRE HOSPITALIER ISSOIRE PAUL ARDIER";"";"13 RUE DU DR SAUVAT";"";63503;"ISSOIRE CEDEX";"04 73 89 72 72 "
"412";"630000438";"CENTRE HOSPITALIER DE RIOM";"";"79 BOULEVARD ETIENNE CLEMENTEL";"BP 167";63200;"RIOM";"04 73 67 80 00 "
"413";"630000446";"CENTRE HOSPITALIER DE THIERS";"";"ROUTE DE FAU";"BP 89";63307;"THIERS CEDEX";"04 73 51 10 00 "
"414";"630780211";"POLE SANTE REPUBLIQUE";"";"105 AVENUE DE LA REPUBLIQUE";"";63050;"CLERMONT FERRAND CEDEX 2";"08 26 30 44 99 "
"415";"630781268";"CHU ESTAING";"";"1 PLACE LUCIE AUBRAC";"";63003;"CLERMONT FERRAND CEDEX 1";"04 73 75 07 50 "
"416";"640000162";"C.H.I.C. COTE BASQUE - BAYONNE";"";"13 AVENUE DE L'INTERNE JACQUES LOEB";"BP 8";64109;"BAYONNE CEDEX";"05 59 44 35 35 "
"417";"640000402";"CENTRE HOSPITALIER D'ORTHEZ";"";"RUE DU MOULIN";"BP 118";64300;"ORTHEZ";"05 59 69 70 70 "
"418";"640000410";"CENTRE HOSPITALIER OLORON";"";"AVENUE DR FLEMING";"BP 160";64404;"OLORON STE MARIE CEDEX";"05 59 88 30 30 "
"419";"640000600";"CENTRE HOSPITALIER DE PAU";"";"4 BOULEVARD HAUTERIVE";"BP 1156";64046;"PAU CEDEX";"05 59 92 47 01 "
"420";"640017646";"CENTRE HOSPITALIER DE SAINT-PALAIS";"";"AVENUE FREDERIC DE SAINT-JAYME";"";64120;"ST PALAIS";""
"421";"640780433";"CAPIO CLINIQUE ST-ETIENNE-PAYS BASQUE";"";"RUE JULES BALASQUE";"";64115;"BAYONNE CEDEX";"05 59 50 33 33 "
"422";"640780490";"CAPIO CLINIQUE AGUILERA";"";"21 RUE DE L'ESTAGNAS";"CS 60179";64201;"BIARRITZ CEDEX";"08 25 13 50 64 "
"423";"640780748";"POLYCLINIQUE CÔTE BASQUE SUD";"";"7 RUE LEONCE GOYETCHE";"";64501;"ST JEAN DE LUZ CEDEX";"05 59 51 63 63 "
"424";"640780938";"POLYCLINIQUE MARZET";"";"40 BOULEVARD ALSACE LORRAINE";"";64000;"PAU";"05 59 92 72 72 "
"425";"650000045";"CENTRE HOSPITALIER DE LOURDES";"";"2 AVENUE ALEXANDRE MARQUI";"BP 710";65107;"LOURDES CEDEX";"05 62 42 42 42 "
"426";"650000052";"CENTRE HOSPITALIER BAGNERES DE BIGORRE";"";"15 RUE GAMBETTA";"BP 149";65201;"BAGNERES DE BIGORRE CEDEX";"05 62 91 41 11 "
"427";"650000417";"CENTRE HOSPITALIER DE BIGORRE";"";"BOULEVARD DE LATTRE DE TASSIGNY";"BP 1330";65013;"TARBES CEDEX 9";"05 62 51 51 51 "
"428";"650780679";"POLYCLINIQUE DE L'ORMEAU";"";"12 CHEMIN DE L'ORMEAU";"";65000;"TARBES";"05 62 56 40 40 "
"429";"650784218";"CMC HOPITAUX DE LANNEMEZAN";"";"";"";65300;"LANNEMEZAN";"05 62 99 55 55 "
"430";"660000084";"CH SAINT JEAN";"";"20 AVENUE DU LANGUEDOC";"BP 49954";66046;"PERPIGNAN CEDEX";"04 68 61 66 33 "
"431";"660006990";"GCS MAISON DE SANTE MEDICALE";"";"RUE DE CAL JOANET";"BP 8";66800;"ERR";""
"432";"660008947";"PLATE FORME SAMU SDIS 66";"";"1 RUE DU LIEUTENANT GOURBAULT";"BP 19935";66962;"PERPIGNAN CEDEX 9";"04 68 29 97 32 "
"433";"660780628";"CLINIQUE DU VALLESPIR";"";"CHEMIN DE SAN PLUJET";"";66400;"CERET";"04 68 87 12 55 "
"434";"660780776";"CLINIQUE SAINT MICHEL";"";"25 AVENUE LOUIS PRAT";"BP 25";66500;"PRADES";"04 68 96 03 16 "
"435";"660780784";"CLINIQUE SAINT PIERRE";"";"169 AVENUE DE PRADES";"BP 92118";66012;"PERPIGNAN CEDEX";"04 68 56 26 26 "
"436";"660790387";"POLYCLINIQUE SAINT ROCH";"SITE MEDIPOLE";"CHEMIN DU MAS ANGLADE";"";66330;"CABESTANY";"04 68 66 10 10 "
"437";"670000025";"HOPITAL CIVIL / NOUVEL HOPITAL CIVIL";"";"1 PLACE DE L'HOPITAL";"BP 426";67091;"STRASBOURG CEDEX";"03 88 11 67 68 "
"438";"670000157";"CENTRE HOSPITALIER DE HAGUENAU";"";"64 AVENUE DU PROFESSEUR RENE LERICHE";"BP 40252";67504;"HAGUENAU CEDEX";"03 88 06 33 33 "
"439";"670000165";"CH SAINTE-CATHERINE DE SAVERNE";"";"19 COTE DE SAVERNE";"BP 20105";67703;"SAVERNE CEDEX";"03 88 71 67 67 "
"440";"670000272";"CH INTERCOMMUNAL DE LA LAUTER";"";"24 ROUTE DE WEILER";"BP 20003";67166;"WISSEMBOURG CEDEX";"03 88 54 11 11 "
"441";"670000397";"CENTRE HOSPITALIER DE SELESTAT";"";"23 AVENUE LOUIS PASTEUR";"BP 30248";67606;"SELESTAT CEDEX";"03 88 57 56 00 "
"442";"670016237";"CLINIQUE SAINTE ODILE";"";"6 RUE SIMONIS";"";67100;"STRASBOURG";"03 88 40 45 00 "
"443";"670780162";"CLINIQUE DES DIACONESSES";"";"2 RUE SAINTE-ELISABETH";"BP 90010";67085;"STRASBOURG CEDEX";"03 88 14 42 42 "
"444";"670780212";"CLINIQUE SAINTE-ANNE";"";"182 ROUTE DE LA WANTZENAU";"";67085;"STRASBOURG CEDEX";"03 88 45 81 81 "
"445";"670783273";"HOPITAL DE HAUTEPIERRE";"";"1 AVENUE MOLIERE";"";67098;"STRASBOURG CEDEX 2";"03 88 11 67 68 "
"446";"680000320";"CLINIQUE DIACONAT FONDERIE";"";"1 RUE SAINT-SAUVEUR";"BP 1237";68054;"MULHOUSE CEDEX 1";"03 89 36 75 75 "
"447";"680000494";"CLINIQUE DIACONAT ROOSEVELT";"";"14 BOULEVARD DU PRESIDENT ROOSEVELT";"";68200;"MULHOUSE";"03 89 32 55 00 "
"448";"680000544";"CENTRE HOSPITALIER D'ALTKIRCH";"";"23 RUE DU TROISIEME ZOUAVE";"BP 1022";68134;"ALTKIRCH CEDEX";"03 89 08 30 30 "
"449";"680000601";"CENTRE HOSPITALIER DE THANN";"";"1 RUE SAINT JACQUES";"BP 40088";68802;"THANN CEDEX";"03 89 37 71 01 "
"450";"680000627";"HOPITAL DU HASENRAIN";"";"87 AVENUE D'ALTKIRCH";"BP 1070";68051;"MULHOUSE CEDEX 1";"03 89 64 74 74 "
"451";"680000684";"HOPITAL LOUIS PASTEUR";"";"39 AVENUE DE LA LIBERTE";"";68024;"COLMAR CEDEX";"03 89 12 40 00 "
"452";"680000700";"CENTRE HOSPITALIER DE GUEBWILLER";"";"2 RUE JEAN SCHLUMBERGER";"";68504;"GUEBWILLER CEDEX";"03 89 74 78 00 "
"453";"680001245";"CENTRE MERE ENFANT 'LE PARC'";"";"46 RUE DU STAUFFEN";"";68020;"COLMAR CEDEX";"03 89 12 40 00 "
"454";"680004546";"HOPITAL EMILE MULLER";"";"20 RUE DU DR LAENNEC";"";68051;"MULHOUSE CEDEX 1";"03 89 64 64 64 "
"455";"680020096";"CENTRE HOSP MULHOUSE- SITE DE ST-LOUIS";"";"5 RUE SAINT DAMIEN";"";68300;"ST LOUIS";""
"456";"690000013";"CH MONTGELAS";"";"9 AVENUE PROFESSEUR FLEMING";"BP 122";69700;"GIVORS";"04 78 07 30 30 "
"457";"690000575";"HOPITAL NORD OUEST - VILLEFRANCHE";"";"PLATEAU D'OUILLY";"BP 80436";69400;"GLEIZE";"04 74 09 25 03 "
"458";"690000625";"CH DE TARARE";"";"1 BOULEVARD JEAN-BAPTISTE MARTIN";"";69173;"TARARE CEDEX";"04 74 05 46 46 "
"459";"690007539";"HÔPITAL FEMME MÈRE ENFANT";"";"59 BOULEVARD PINEL";"";69677;"BRON CEDEX";"08 25 08 25 69 "
"460";"690023411";"HOPITAL PRIVE JEAN MERMOZ";"";"55 AVENUE JEAN MERMOZ";"";69008;"LYON";"08 26 30 69 69 "
"461";"690036058";"PÔLE HOSPITALIER MUTUALISTE";"";"13 AVENUE FRANKLIN ROOSEVELT";"";69150;"DECINES CHARPIEU";""
"462";"690780358";"CLINIQUE DU VAL D'OUEST VENDÔME";"";"39 CHEMIN DE LA VERNIQUE";"";69130;"ECULLY";"04 72 19 32 00 "
"463";"690780390";"POLYCLINIQUE DE RILLIEUX";"";"941 RUE CAPITAINE JULIEN";"";69165;"RILLIEUX LA PAPE CEDEX";"04 72 01 38 01 "
"464";"690780416";"GPE HOSP MUT LES PORTES DU SUD";"";"LIEU DIT LE COULOUD FEYZIN";"2 AV DU 11 NOVEMBRE 1918";69694;"VENISSIEUX CEDEX";"04 72 89 80 00 "
"465";"690780648";"CLINIQUE DE LA SAUVEGARDE";"";"113 AVENUE DAVID BEN GOURION";"CP 309";69337;"LYON CEDEX 09";"04 72 17 26 26 "
"466";"690780655";"HOPITAL PRIVE DE L'EST LYONNAIS";"";"140 RUE ANDRE LWOFF";"";69800;"ST PRIEST";"08 26 96 99 99 "
"467";"690782834";"CLINIQUE DU TONKIN";"";"26 RUE DU TONKIN";"";69626;"VILLEURBANNE CEDEX";"08 26 10 12 01 "
"468";"690783154";"HÔPITAL ÉDOUARD HERRIOT";"";"5 PLACE D'ARSONVAL";"";69437;"LYON CEDEX 03";"04 72 11 73 11 "
"469";"690784137";"CH LYON SUD";"";"165 CHEMIN DU GRAND REVOYET";"";69310;"PIERRE BENITE";"04 78 86 18 01 "
"470";"690784152";"HÔPITAL DE LA CROIX-ROUSSE";"";"103 GRANDE RUE DE LA CRX-ROUSSE";"";69317;"LYON CEDEX 04";"04 72 07 15 07 "
"471";"690805361";"CH ST JOSEPH ST LUC";"";"20 QUAI CLAUDE BERNARD";"";69365;"LYON CEDEX 07";"04 78 61 81 81 "
"472";"690807367";"POLYCLINIQUE  DU BEAUJOLAIS";"";"120 ANCIENNE ROUTE DE BEAUJEU";"";69400;"ARNAS";"08 26 96 90 00 "
"473";"700000011";"CH DU VAL DE SAÔNE P VITTER GRAY";"";"5 RUE DE L'ARSENAL";"BP 155";70104;"GRAY CEDEX";"03 84 64 61 61 "
"474";"700000029";"CHI HAUTE SAÔNE SITE VESOUL";"";"2 RUE RENÉ HEYMES";"BP 409";70014;"VESOUL CEDEX";"03 84 96 60 60 "
"475";"700780059";"CHI HAUTE SAÔNE SITE LUXEUIL";"";"12 RUE GRAMMONT";"BP 157";70306;"LUXEUIL LES BAINS CEDEX";"03 84 96 60 60 "
"476";"700780208";"CHI HAUTE SAÔNE SITE LURE";"";"37 AVENUE CARNOT";"BP 190";70204;"LURE CEDEX";"03 84 62 43 21 "
"477";"710010067";"CH PARAY-LE-MONIAL LES CHARMES";"";"BOULEVARD DES CHARMES";"BP 147";71600;"PARAY LE MONIAL";"03 85 81 80 00 "
"478";"710010786";"CH AUTUN (SITE PARPAS)";"";"7 RUE DE    PARPAS";"";71400;"AUTUN";"03 85 86 84 84 "
"479";"710978263";"CH W MOREY  CHALON-SUR-SAÔNE";"";"4 RUE CAPITAINE DRILLIEN";"CS 80120";71321;"CHALON SUR SAONE CEDEX";"03 85 44 66 88 "
"480";"710978289";"CH LES CHANAUX MACON";"";"BOULEVARD LOUIS ESCANDE";"";71000;"MACON";"03 85 20 30 40 "
"481";"710978313";"SIH CH MONTCEAU-LES-MINES";"";"";"BP 189";71230;"ST VALLIER";"03 85 67 60 60 "
"482";"710978347";"HOTEL DIEU DU CREUSOT";"";"175 RUE MARECHAL FOCH";"";71206;"LE CREUSOT CEDEX";"03 85 77 20 00 "
"483";"720000033";"CENTRE HOSPITALIER DU MANS";"";"194 AVENUE RUBILLARD";"";72037;"LE MANS CEDEX 9";"02 43 43 43 43 "
"484";"720000124";"CENTRE HOSPITALIER CHATEAU DU LOIR";"";"5 ALLEE SAINT MARTIN";"BP 129";72500;"CHATEAU DU LOIR";"02 43 44 77 77 "
"485";"720000470";"CENTRE HOSPITALIER MAMERS";"";"ROUTE DU MESLE SUR SARTHE";"BP 69";72600;"MAMERS";"02 43 31 31 31 "
"486";"720000520";"CENTRE HOSPITALIER ST CALAIS";"";"2 RUE DE LA PERRINE";"";72120;"ST CALAIS";"02 43 63 64 65 "
"487";"720001437";"CENTRE HOSPITALIER LA FERTE BERNARD";"";"56 AVENUE PIERRE BRULE";"BP 13";72401;"LA FERTE BERNARD CEDEX";"02 43 71 61 51 "
"488";"720016179";"POLE SANTE SARTHE ET LOIR";"";"LA CHASSE DU POINT DU JOUR";"";72200;"LE BAILLEUL";"02 44 71 30 00 "
"489";"720017748";"CENTRE MEDICO-CHIRURGICAL DU MANS";"POLE SANTE SUD";"28 RUE DE GUETTELOUP";"";72058;"LE MANS CEDEX 2";"02 43 78 38 38 "
"490";"730000031";"CH DE CHAMBÉRY";"";"7 SQUARE MASSALAZ";"BP 31125";73011;"CHAMBERY CEDEX";"04 79 96 50 50 "
"491";"730000049";"CH DE MOUTIERS";"";"43 RUE DE L'ÉCOLE DES MINES";"BP 207";73604;"MOUTIERS TARENTAISE CEDEX";"04 79 09 60 60 "
"492";"730000080";"CH DE SAINT JEAN DE MAURIENNE";"";"81 RUE DU DOCTEUR GRANGE";"BP 113";73303;"ST JEAN DE MAURIENNE CEDEX";"04 79 20 60 20 "
"493";"730000098";"CH D'AIX LES BAINS";"";"49 AVENUE DU GRAND PORT";"";73105;"AIX LES BAINS CEDEX";"04 79 88 61 61 "
"494";"730000247";"CH DE BOURG ST MAURICE";"";"AVENUE DU NANTET";"BP 11";73704;"BOURG ST MAURICE CEDEX";"04 79 41 79 79 "
"495";"730000262";"CH D'ALBERTVILLE";"";"253 RUE PIERRE DE COUBERTIN";"BP 126";73208;"ALBERTVILLE CEDEX";"04 79 89 55 55 "
"496";"730004298";"HOPITAL PRIVE MEDIPOLE DE SAVOIE";"";"AVENUE DES MASSETTES";"";73190;"CHALLES LES EAUX";"04 79 26 81 81 "
"497";"730010477";"ANTENNE SMUR MODANE";"";"540 AVENUE ÉMILE CHARVOZ";"";73500;"MODANE";"04 79 05 11 88 "
"498";"730010485";"ANTENNE SMUR AIX LES BAINS";"CENTRE HOSPITALIER";"49 AVENUE DU GRAND PORT";"";73100;"AIX LES BAINS";"04 79 68 63 15 "
"499";"740000237";"CH ANNECY-GENEVOIS SITE ANNECY";"";"1 AVENUE DE L'HOPITAL";"BP 90074 METZ TESSY";74374;"PRINGY CEDEX";"04 50 63 63 63 "
"500";"740000294";"HOPITAL GABRIEL DEPLANTE";"";"1 RUE DE LA FORET";"";74151;"RUMILLY CEDEX";"04 50 01 80 00 "
"501";"740000302";"CH ANNECY-GENEVOIS SITE ST JULIEN EN G";"";"1 RUE AMEDÉE VIII DE SAVOIE";"BP 14110";74164;"ST JULIEN GENEVOIS CEDEX";"04 50 49 65 00 "
"502";"740000328";"HOPITAUX DU LEMAN";"";"3 AVENUE DE LA DAME";"BP 526";74203;"THONON LES BAINS CEDEX";"04 50 83 20 00 "
"503";"740014345";"HÔPITAL PRIVÉ PAYS DE SAVOIE";"";"19 AVENUE PIERRE MENDÈS FRANCE";"";74100;"ANNEMASSE";""
"504";"740780424";"CLINIQUE GÉNÉRALE ANNECY";"";"4 CHEMIN TOUR LA REINE";"";74000;"ANNECY";"04 50 33 04 92 "
"505";"740781141";"CENTRE HOSPITALIER ALPES-LEMAN";"";"558 ROUTE DE FINDROL";"BP 20 500";74130;"CONTAMINE SUR ARVE";"04 50 82 20 00 "
"506";"740781166";"HÔPITAUX DU MONT BLANC SITE CHAMONIX";"";"509 ROUTE DES PÉLERINS";"BP 88";74400;"CHAMONIX MONT BLANC";"04 50 53 84 00 "
"507";"740781224";"HÔPITAUX DU MONT BLANC SITE SALLANCHES";"";"380 RUE DE L'HÔPITAL";"BP 118";74700;"SALLANCHES";"04 50 47 30 30 "
"508";"750000481";"CHNO DES QUINZE-VINGTS PARIS";"";"28 RUE DE CHARENTON";"";75571;"PARIS CEDEX 12";"01 40 02 15 20 "
"509";"750000523";"GPE HOSP SAINT-JOSEPH";"";"185 RUE RAYMOND LOSSERAND";"";75674;"PARIS CEDEX 14";"01 44 12 33 33 "
"510";"750000549";"FONDATION OPHTALMOLOGIQUE ROTHSCHILD";"25-29";"25 RUE MANIN";"";75940;"PARIS CEDEX 19";"01 48 03 65 65 "
"511";"750100018";"HU-PARIS CENTRE SITE HOTEL DIEU AP-HP";"";"1 PLACE DU PARVIS NOTRE-DAME";"";75181;"PARIS CEDEX 04";"01 42 34 82 34 "
"512";"750100042";"HU-SAINT LOUIS SITE LARIBOISIERE-APHP";"";"2 RUE AMBROISE PARE";"";75475;"PARIS CEDEX 10";"01 49 95 65 65 "
"513";"750100075";"HU-SAINT LOUIS SITE SAINT LOUIS - APHP";"";"1 AVENUE CLAUDE VELLEFAUX";"";75475;"PARIS CEDEX 10";"01 42 49 49 49 "
"514";"750100091";"HU-EST PARISIEN SITE ST ANTOINE APHP";"";"184 RUE DU FAUBOURG SAINT ANTOINE";"";75571;"PARIS CEDEX 12";"01 49 28 20 00 "
"515";"750100109";"HU-EST PARISIEN SITE TROUSSEAU APHP";"";"26 AVENUE DU DR ARNOLD NETTER";"";75571;"PARIS CEDEX 12";"01 44 73 74 75 "
"516";"750100125";"HU-P.SALPETRIERE SITE SALPETRIERE-APHP";"47-83";"47 BOULEVARD DE L'HOPITAL";"";75013;"PARIS";"01 42 16 00 00 "
"517";"750100166";"HU-PARIS CENTRE SITE COCHIN APHP";"";"27 RUE DU FAUBOURG SAINT-JACQUES";"";75679;"PARIS CEDEX 14";"01 58 41 41 41 "
"518";"750100208";"HU NECKER ENFANTS MALADES APHP";"";"149 RUE DE SEVRES";"";75743;"PARIS CEDEX 15";"01 44 49 40 00 "
"519";"750100232";"HU-PARIS NORD SITE BICHAT - APHP";"";"46 RUE HENRI HUCHARD";"";75877;"PARIS CEDEX 18";"01 40 25 80 80 "
"520";"750100273";"HU-EST PARISIEN SITE TENON APHP";"";"4 RUE DE LA CHINE";"";75970;"PARIS CEDEX 20";"01 56 01 70 00 "
"521";"750150237";"HOPITAL DE LA CROIX SAINT-SIMON";"";"125 RUE D'AVRON";"";75020;"PARIS";"01 44 64 16 00 "
"522";"750803447";"HU-PARIS OUEST SITE G.POMPIDOU APHP";"";"20 RUE LEBLANC";"";75908;"PARIS CEDEX 15";"01 56 09 20 00 "
"523";"750803454";"HU ROBERT DEBRE APHP";"";"48 BOULEVARD SERRURIER";"";75019;"PARIS";"01 40 03 20 00 "
"524";"760000018";"CH DIEPPE";"";"AVENUE PASTEUR";"BP 219";76202;"DIEPPE CEDEX";"02 32 14 76 76 "
"525";"760000042";"CH EU";"";"2 RUE DE CLEVES";"BP 109";76260;"EU";"02 27 27 22 22 "
"526";"760000141";"HOPITAL SAINT JULIEN CHU ROUEN";"";"2 RUE DANTON";"BP 201";76141;"LE PETIT QUEVILLY CEDEX";"02 32 88 89 90 "
"527";"760000158";"HOPITAL CHARLES NICOLLE CHU ROUEN";"";"1 RUE DE GERMONT";"";76038;"ROUEN CEDEX";"02 32 88 89 90 "
"528";"760000364";"CHI DU PAYS DES HAUTES FALAISES FECAMP";"";"AVENUE PDT FRANCOIS MITTERRAND";"";76405;"FECAMP CEDEX";"02 35 10 62 62 "
"529";"760000372";"CH LILLEBONNE CHI CAUX VALLEE DE SEINE";"";"19 AVENUE DU PRESIDENT RENE COTY";"";76170;"LILLEBONNE";"02 35 39 36 36 "
"530";"760000463";"CH LES FEUGRAIS CHI ELBEUF";"";"";"BP 310";76503;"ELBEUF CEDEX";"02 32 96 35 44 "
"531";"760021329";"HOPITAL PRIVE DE L'ESTUAIRE";"";"505 RUE IRENE JOLIOT-CURIE";"BP 90011";76620;"LE HAVRE";"08 25 74 75 76 "
"532";"760026252";"ANTENNE DE SMUR EU CH DIEPPE";"";"2 RUE DE CLEVES";"";76260;"EU";""
"533";"760780510";"CLINIQUE DU CEDRE";"";"950 RUE DE LA HAIE";"";76230;"BOIS GUILLAUME";"02 35 59 59 59 "
"534";"760780791";"CLINIQUE LES ORMEAUX-VAUBAN LE HAVRE";"";"36 RUE MARCEAU";"";76090;"LE HAVRE CEDEX";"02 32 74 32 74 "
"535";"760805770";"HOPITAL JACQUES MONOD CH LE HAVRE";"";"29 RUE P MENDES FRANCE";"";76290;"MONTIVILLIERS";"02 32 73 33 90 "
"536";"760921809";"CLINIQUE DE L'EUROPE ROUEN";"";"73 BOULEVARD DE L ' EUROPE";"BP 2034X";76040;"ROUEN CEDEX";"02 32 18 10 00 "
"537";"770000131";"CENTRE HOSPITALIER DE COULOMMIERS";"";"4 RUE GABRIEL PERI";"";77527;"COULOMMIERS CEDEX";"01 64 65 37 00 "
"538";"770000149";"CENTRE HOSPITALIER DE FONTAINEBLEAU";"";"55 BOULEVARD DU MARECHAL JOFFRE";"";77305;"FONTAINEBLEAU CEDEX";"01 60 74 10 10 "
"539";"770000156";"CENTRE HOSPITALIER M JACQUET MELUN";"";"2 RUE FRETEAU DE PENY";"";77011;"MELUN CEDEX";"01 64 71 60 00 "
"540";"770000164";"CENTRE HOSPITALIER DE MONTEREAU";"";"1 RUE VICTOR HUGO";"";77875;"MONTEREAU CEDEX";"01 64 31 64 31 "
"541";"770000172";"CTRE.HOSPITALIER LEON BINET DE PROVINS";"DIRECTEUR : MR MORIN MAXIME";"ROUTE DE CHALAUTRE";"BP 212";77488;"PROVINS CEDEX";"01 64 60 40 00 "
"542";"770000214";"CENTRE HOSPITALIER DE NEMOURS";"DIRECTEUR : MR MORETTE BRUNO";"15 RUE DES CHAUDINS";"BP 98";77796;"NEMOURS CEDEX";"01 64 45 19 00 "
"543";"770000446";"C.H. DE MEAUX";"6-8";"6 RUE SAINT FIACRE";"BP 218";77100;"MEAUX";"01 64 35 38 38 "
"544";"770019032";"CENTRE HOSPITALIER DE MARNE LA VALLEE";"2-4";"2 COUR DE LA GONDOIRE";"";77600;"JOSSIGNY";""
"545";"770300010";"HOPITAL PRIVE DE MARNE CHANTEREINE";"";"RUE CURIE";"";77177;"BROU SUR CHANTEREINE";"08 20 16 77 00 "
"546";"770300135";"CLINIQUE MEDICO-CHIRURG. LES FONTAINES";"";"54 BOULEVARD ARISTIDE BRIAND";"";77007;"MELUN CEDEX";"01 60 56 40 00 "
"547";"770790707";"CLINIQUE DE TOURNAN";"DIRECTRICE : MME CALVE EMMA";"2 RUE JULES LEFEBVRE";"";77220;"TOURNAN EN BRIE";"08 25 16 42 42 "
"548";"780000287";"C.H. FRANCOIS QUESNAY MANTES";"";"2 BOULEVARD SULLY";"";78201;"MANTES LA JOLIE CEDEX";"01 34 97 40 00 "
"549";"780000295";"CHI DE MEULAN / LES MUREAUX";"";"1 RUE DU FORT";"";78250;"MEULAN EN YVELINES";"01 30 91 85 00 "
"550";"780000311";"CHI POISSY ST-GERMAIN SITE DE POISSY";"";"10 RUE DU CHAMP GAILLARD";"BP 3082";78303;"POISSY CEDEX";"01 39 27 50 01 "
"551";"780000329";"CENTRE HOSPITALIER DE RAMBOUILLET";"5-7";"5 RUE PIERRE ET MARIE CURIE";"";78514;"RAMBOUILLET CEDEX";"01 34 83 76 24 "
"552";"780000337";"CHI POISSY ST-GERMAIN SITE ST-GERMAIN";"";"20 RUE ARMAGIS";"BP 231";78101;"ST GERMAIN EN LAYE CEDEX";"01 39 27 40 50 "
"553";"780000436";"CENTRE HOSP. DES COURSES";"";"19 AVENUE EGLE";"";78600;"MAISONS LAFFITTE";"01 30 86 36 36 "
"554";"780300323";"HOP PRIVE DE VERSAILLES FRANCISCAINES";"";"7 RUE PORTE DE BUC";"";78009;"VERSAILLES CEDEX";"08 26 30 33 33 "
"555";"780300406";"HOPITAL PRIVE DE PARLY II";"PARLY GRAND CHESNAY";"21 RUE MOXOURIS";"";78150;"LE CHESNAY";"01 39 63 70 00 "
"556";"780300414";"CENTRE MEDICO-CHIRURGICAL DE L'EUROPE";"";"9 RUE DE SAINT GERMAIN";"";78560;"LE PORT MARLY";"01 39 17 22 22 "
"557";"780300422";"HOPITAL PRIVE DE L'OUEST PARISIEN";"";"14 AVENUE CASTIGLIONE DEL LAGO";"";78190;"TRAPPES";"01 30 69 45 00 "
"558";"780300455";"CENTRE HOSP. PRIVE DU MONTGARDE";"";"32 RUE DU MONTGARDE";"";78410;"AUBERGENVILLE";"01 30 95 52 00 "
"559";"780800256";"CH VERSAILLES ANDRE MIGNOT";"";"177 RUE DE VERSAILLES";"";78157;"LE CHESNAY CEDEX";"01 39 63 91 33 "
"560";"790000087";"CENTRE HOSPITAL. GEORGES RENON";"";"40 AVENUE CHARLES DE GAULLE";"";79021;"NIORT CEDEX";"05 49 32 79 79 "
"561";"790000095";"SITE HOSPITALIER DE BRESSUIRE";"";"RUE DU DOCTEUR ICHON";"BP 60";79302;"BRESSUIRE CEDEX";"05 49 68 49 68 "
"562";"790000103";"SITE HOSPITALIER DE PARTHENAY";"";"13 RUE DE BROSSARD";"BP 199";79205;"PARTHENAY CEDEX";"05 49 68 49 68 "
"563";"790003537";"SITE HOSPITALIER DE THOUARS";"";"2 RUE DU DOCTEUR ANDRE COLAS";"BP 181";79103;"THOUARS CEDEX";"05 49 68 49 68 "
"564";"790009948";"POLYCLINIQUE D'INKERMANN";"";"84 ROUTE D AIFFRES";"BP 182";79006;"NIORT CEDEX";"05 49 34 26 26 "
"565";"800000143";"CH ABBEVILLE";"";"43 RUE DE L'ISLE";"";80142;"ABBEVILLE CEDEX";"03 22 25 52 00 "
"566";"800000192";"CHU AMIENS NORD";"DIRECTION GÉNÉRALE";"PLACE VICTOR PAUCHET";"";80054;"AMIENS CEDEX 1";"03 22 66 80 00 "
"567";"800000226";"CH DOULLENS";"";"RUE DE ROUTEQUEUE";"BP 90 031";80600;"DOULLENS";"03 22 32 33 33 "
"568";"800000390";"CH CHIMR MONTDIDIER";"";"25 RUE AMAND DE VIENNE";"";80500;"MONTDIDIER";"03 22 78 70 00 "
"569";"800000432";"CH PÉRONNE";"";"PLACE DU JEU DE PAUME";"BP 90 079";80201;"PERONNE CEDEX";"03 22 83 60 00 "
"570";"800015729";"SAS DE CARDIOLOGIES ET URGENCES";"";"5 ALLEE DES PAYS BAS";"";80090;"AMIENS";"03 60 12 52 00 "
"571";"810000224";"CENTRE MEDICO CHIR OBST CLAUDE BERNARD";"";"1 RUE PERE COLOMBIER";"";81030;"ALBI CEDEX 9";"05 63 77 77 63 "
"572";"810000505";"CENTRE HOSPITALIER D'ALBI";"";"22 BOULEVARD SIBILLE";"";81013;"ALBI CEDEX 9";"05 63 47 47 47 "
"573";"810000521";"HOP DU PAYS D'AUTAN SITE DU CAUSSE";"";"6 AVENUE DE LA MONTAGNE NOIRE";"BP 30417";81108;"CASTRES CEDEX";"05 63 71 63 71 "
"574";"810000562";"CENTRE HOSPITALIER DE LAVAUR";"";"1 PLACE VIALAS";"BP 85";81500;"LAVAUR";"05 63 58 81 81 "
"575";"810101444";"POLYCLINIQUE DU SIDOBRE";"LE PESQUIE";"CHEMIN DE SAINT HIPPOLYTE";"";81100;"CASTRES";"05 63 71 88 88 "
"576";"820000032";"CENTRE HOSPITALIER MONTAUBAN";"";"100 RUE LEON CLADEL";"BP 765";82013;"MONTAUBAN CEDEX";"05 63 92 82 82 "
"577";"820000057";"CLINIQUE DU PONT DE CHAUME";"";"330 AVENUE MARCEL UNAL";"";82017;"MONTAUBAN CEDEX";"05 63 68 33 33 "
"578";"820000883";"CENTRE HOSPITALIER MOISSAC";"";"16 BOULEVARD CAMILLE DELTHIL";"BP 302";82201;"MOISSAC CEDEX";"05 63 04 67 00 "
"579";"830000279";"CH JEAN MARCEL DE BRIGNOLES";"";"TRAVERSE DES CAPUCINS";"BP 301";83177;"BRIGNOLES CEDEX";"04 94 72 66 00 "
"580";"830000287";"CH LA DRACENIE DE DRAGUIGNAN";"";"ROUTE DE MONTFERRAT";"BP 249";83007;"DRAGUIGNAN CEDEX";"04 94 60 50 00 "
"581";"830000295";"CH DE HYERES MARIE JOSEE TREFFOT";"";"AVENUE MARECHAL JUIN";"BP 82";83407;"HYERES CEDEX";"04 94 00 24 00 "
"582";"830000311";"CHI DE FREJUS SAINT RAPHAEL";"";"240 AVENUE DE SAINT LAMBERT";"BP 110";83608;"FREJUS CEDEX";"04 94 40 21 21 "
"583";"830000337";"CENTRE HOSPITALIER DE SAINT TROPEZ";"POLE SANTE DU GOLFE DE ST TROPEZ";"559 ROND POINT GAL DIEGO BROSSET";"";83580;"GASSIN";"04 98 12 50 00 "
"584";"830000345";"CHITS CH SAINTE MUSSE";"";"54 RUE HENRI SAINTE CLAIRE DEVILLE";"CS 31412";83056;"TOULON CEDEX";"04 94 14 55 55 "
"585";"830100574";"HIA SAINTE ANNE";"";"BOULEVARD SAINTE ANNE";"BP 20545";83041;"TOULON CEDEX 9";"04 83 16 20 14 "
"586";"830100608";"CHITS CH GEORGE SAND LA SEYNE SUR MER";"";"AVENUE JULES RENARD";"";83507;"LA SEYNE SUR MER CEDEX";"04 94 11 30 00 "
"587";"830200523";"POLYCLINIQUE MUTUALISTE MALARTIC";"QUARTIER DARBOUSSAN";"203 CHEMIN DE FAVEYROLLES";"BP 221";83192;"OLLIOULES CEDEX";"04 94 89 89 62 "
"588";"840000343";"CENTRE HOSPITALIER DU PAYS D'APT";"";"ROUTE DE MARSEILLE";"BP 172";84405;"APT CEDEX";"04 90 04 33 33 "
"589";"840000392";"CENTRE HOSPITALIER DE CARPENTRAS";"";"ROND POINT DE L'AMITIE";"BP 263";84208;"CARPENTRAS CEDEX";"04 32 85 88 88 "
"590";"840000418";"CHI DE CAVAILLON LAURIS";"";"119 AVENUE GEORGES CLEMENCEAU";"BP 50157";84304;"CAVAILLON CEDEX";"04 90 78 85 00 "
"591";"840000483";"CH LOUIS GIORGI D'ORANGE";"";"AVENUE DE LAVOISIER";"BP 184";84106;"ORANGE CEDEX";"04 90 11 22 22 "
"592";"840000491";"SITE DE PERTUIS";"";"58 RUE DE CROZE";"BP 110";84123;"PERTUIS CEDEX";"04 90 09 42 42 "
"593";"840000525";"CH VAISON LA ROMAINE";"";"18 RUE GRAND'RUE";"BP 73";84110;"VAISON LA ROMAINE";"04 90 36 04 58 "
"594";"840000533";"CH JULES NIEL DE VALREAS";"";"COURS TIVOLI";"BP 97";84607;"VALREAS CEDEX";"04 90 28 51 51 "
"595";"840001861";"CH D'AVIGNON HENRI DUFFAUT";"";"305 RUE RAOUL FOLLEREAU";"";84902;"AVIGNON CEDEX 9";"04 32 75 33 33 "
"596";"850000118";"CLINIQUE SAINT CHARLES";"DOMAINE DU COTEAU";"11 BOULEVARD RENE LEVESQUE";"BP 669";85016;"LA ROCHE SUR YON CEDEX";"02 51 44 44 44 "
"597";"850000142";"CENTRE HOSPITALIER-SITE LA ROCHE/YON";"LES OUDAIRIES";"BOULEVARD STEPHANE MOREAU";"";85925;"LA ROCHE SUR YON CEDEX 9";"02 51 44 61 61 "
"598";"850000175";"CH LVO :SITE DE  CHALLANS";"CH LOIRE VENDEE OCEAN";"BOULEVARD GUERIN";"BP 219";85302;"CHALLANS CEDEX";"02 51 49 50 00 "
"599";"850000209";"CENTRE HOSPITALIER -SITE DE LUCON";"";"41 RUE HENRY RENAUD";"BP 159";85407;"LUCON CEDEX";"02 51 28 33 33 "
"600";"850000225";"CENTRE HOSPITALIER -SITE DE MONTAIGU";"";"54 RUE SAINT JACQUES";"BP 259";85602;"MONTAIGU CEDEX";"02 51 45 40 00 "
"601";"850000241";"CENTRE HOSPITALIER COTE DE LUMIÈRE";"";"4 RUE JACQUES MONOD";"";85340;"OLONNE SUR MER";"02 51 21 85 80 "
"602";"850009630";"CH FONTENAY SITE POLE SANTE SUD VENDEE";"";"11 RUE DU DOCTEUR RENE LAFORGE";"";85200;"FONTENAY LE COMTE";""
"603";"860000025";"GH NORD-VIENNE - SITE DE CHATELLERAULT";"";"RUE DU DOCTEUR LUC MONTAGNIER";"BP 669 ROCADE-EST";86106;"CHATELLERAULT CEDEX";"05 49 02 90 90 "
"604";"860000033";"GH NORD-VIENNE - SITE DE LOUDUN";"";"3 RUE DES VISITANDINES";"BP 101";86206;"LOUDUN CEDEX";"05 49 98 42 42 "
"605";"860000058";"CENTRE HOSPITALIER DE MONTMORILLON";"";"2 RUE HENRI DUNANT";"BP 65";86500;"MONTMORILLON";"05 49 83 83 83 "
"606";"860000223";"CHU LA MILETRIE";"";"2 RUE DE LA MILETRIE";"CS 90577";86021;"POITIERS CEDEX";"05 49 44 44 44 "
"607";"860010321";"POLYCLINIQUE DE POITIERS";"";"1 RUE DE LA PROVIDENCE";"";86000;"POITIERS";"05 49 61 70 00 "
"608";"870000064";"C H U  DUPUYTREN  LIMOGES";"";"2 AVENUE MARTIN LUTHER KING";"";87042;"LIMOGES CEDEX 1";"05 55 05 55 55 "
"609";"870000098";"CENTRE HOSPITALIER SAINT JUNIEN";"";"12 RUE CHATEAUBRIAND";"BP 110";87205;"ST JUNIEN CEDEX";"05 55 43 50 00 "
"610";"870000270";"CTRE HOSPITALIER  J BOUTARD  ST YRIEIX";"";"PLACE DU PRESIDENT PAUL MAGNAUD";"BP 51";87500;"ST YRIEIX LA PERCHE";"05 55 75 75 75 "
"611";"870000288";"CLINIQUE FRANCOIS CHENIEUX";"";"18 RUE DU GENERAL CATROUX";"BP 3905";87039;"LIMOGES CEDEX 1";"05 55 45 40 40 "
"612";"870010998";"ANTENNE SMUR - ST YRIEIX LA PERCHE";"CENTRE HOSPITALIER";"";"";87500;"ST YRIEIX LA PERCHE";""
"613";"870014859";"HOPITAL DE LA MERE ET DE L'ENFANT";"";"8 AVENUE DOMINIQUE LARREY";"";87000;"LIMOGES";"05 55 05 66 66 "
"614";"880000021";"CHI E.DURKHEIM - PLATEAU DE LA JUSTICE";"";"3 AVENUE ROBERT SCHUMAN";"BP 590";88021;"EPINAL CEDEX";"03 29 68 70 00 "
"615";"880000039";"CENTRE HOSPITALIER DE GERARDMER";"";"22 BOULEVARD KELSCH";"BP 129";88400;"GERARDMER";"03 29 60 29 60 "
"616";"880000047";"CENTRE HOSPITALIER DE SAINT-DIE";"";"26 RUE DU NOUVEL HOPITAL";"";88187;"ST DIE DES VOSGES CEDEX";"03 29 52 83 10 "
"617";"880000054";"CHI L'OUEST VOSGIEN SITE NEUFCHATEAU";"";"1280 AVENUE DE LA DIVISION LECLERC";"BP 249";88307;"NEUFCHATEAU CEDEX";"03 29 94 80 00 "
"618";"880000062";"CENTRE HOSPITALIER DE REMIREMONT";"";"1 RUE GEORGES LANG";"BP 161";88204;"REMIREMONT CEDEX";"03 29 23 41 41 "
"619";"880000070";"CHI DE L'OUEST VOSGIEN SITE DE VITTEL";"";"191 AVENUE MAURICE BARRES";"BP 129";88804;"VITTEL CEDEX";"03 29 05 88 88 "
"620";"890002389";"POLYCLINIQUE  STE MARGUERITE AUXERRE";"";"5 AVENUE FONT STE MARGUERITE";"BP 90205";89003;"AUXERRE CEDEX";"03 86 94 49 49 "
"621";"890975527";"CH AUXERRE";"";"2 BOULEVARD DE VERDUN";"BP 69";89011;"AUXERRE CEDEX";"03 86 48 48 48 "
"622";"890975535";"CH AVALLON";"";"1 RUE DE L'HÔPITAL";"BP 197";89206;"AVALLON CEDEX";"03 86 34 66 00 "
"623";"890975543";"CH JOIGNY";"";"3 QUAI DE L'HOPITAL";"BP 229";89306;"JOIGNY CEDEX";"03 86 92 33 33 "
"624";"890975550";"CH SENS";"";"1 AVENUE PIERRE DE COUBERTIN";"BP 808";89108;"SENS CEDEX";"03 86 86 15 15 "
"625";"890975568";"CH TONNERRE";"";"RUE DES JUMERIAUX";"";89700;"TONNERRE";"03 86 54 33 00 "
"626";"900000167";"CH BELFORT";"";"14 RUE DE MULHOUSE";"BP 499";90016;"BELFORT CEDEX";"03 84 98 80 00 "
"627";"910000272";"CENTRE HOSPITALIER D'ARPAJON";"";"18 AVENUE DE  VERDUN";"";91294;"ARPAJON CEDEX";"01 64 92 92 92 "
"628";"910000280";"CHSE DOURDAN - ETAMPES SITE DOURDAN";"";"2 RUE DU POTELET";"BP 102";91415;"DOURDAN CEDEX";"01 60 81 58 58 "
"629";"910000298";"CENTRE HOSPITALIER LONGJUMEAU";"";"159 RUE DU PDT FRANCOIS MITTERRAND";"BP 125";91161;"LONGJUMEAU CEDEX";"01 64 54 33 33 "
"630";"910000306";"CENTRE HOSPITALIER D'ORSAY";"";"4 PLACE DU GENERAL LECLERC";"BP 27";91401;"ORSAY CEDEX";"01 69 29 75 75 "
"631";"910000314";"CH SUD FRANCILIEN";"";"59 BOULEVARD HENRI DUNANT";"BP 85";91106;"CORBEIL ESSONNES CEDEX";""
"632";"910001973";"CHSE DOURDAN - ETAMPES SITE ETAMPES";"";"26 AVENUE CHARLES DE GAULLE";"BP 107";91152;"ETAMPES CEDEX";"01 60 80 76 76 "
"633";"910018423";"ETS DE SANTE DU CH DE JUVISY SUR ORGE";"";"9 RUE CAMILLE FLAMMARION";"";91260;"JUVISY SUR ORGE";"01 69 54 27 27 "
"634";"910020254";"CH SUD FRANCILIEN SITE JEAN JAURES";"";"116 BOULEVARD JEAN JAURES";"";91100;"CORBEIL ESSONNES";"01 61 69 61 69 "
"635";"910300144";"CMCO D' EVRY";"2-4";"4 AVENUE DE MOUSSEAU";"";91035;"EVRY CEDEX";"01 60 90 10 10 "
"636";"910300219";"HOPITAL PRIVE JACQUES CARTIER";"";"6 AVENUE DU NOYER LAMBERT";"";91300;"MASSY";"01 60 13 60 60 "
"637";"910300300";"HOPITAL PRIVE DU VAL D'YERRES";"";"31 AVENUE DE L'ABBAYE";"";91330;"YERRES";"01 69 48 48 13 "
"638";"910803543";"HOPITAL  PRIVE CLAUDE GALIEN";"";"20 ROUTE DE BOUSSY-ST-ANTOINE";"";91480;"QUINCY SOUS SENART";"01 69 39 90 00 "
"639";"920000577";"CASH DE NANTERRE-HOP MAX FOURESTIER";"";"403 AVENUE DE LA REPUBLIQUE";"BP 1403";92014;"NANTERRE CEDEX";"01 47 69 65 65 "
"640";"920000585";"CHICNP - SITE NEUILLY SUR SEINE";"";"36 BOULEVARD DU GENERAL LECLERC";"BP 79";92205;"NEUILLY SUR SEINE CEDEX";"01 40 88 60 00 "
"641";"920000619";"CH DES QUATRE VILLES SITE ST CLOUD";"";"3 PLACE SILLY";"";92211;"ST CLOUD CEDEX";"01 49 11 60 60 "
"642";"920000627";"CH DES 4 VILLES SITE SEVRES";"";"141 GRANDE RUE";"";92310;"SEVRES";"01 41 14 75 15 "
"643";"920000643";"IHFB - SITE KLEBER";"";"4 RUE KLÉBER";"";92309;"LEVALLOIS PERRET CEDEX";"01 47 59 59 59 "
"644";"920000650";"HOPITAL FOCH";"";"40 RUE WORTH";"BP 36";92151;"SURESNES CEDEX";"08 26 20 72 20 "
"645";"920100013";"HU-PARIS IDF SITE AMBROISE PARE APHP";"";"9 AVENUE CHARLES DE GAULLE";"";92104;"BOULOGNE BILLANCOURT CEDEX";"01 49 09 50 00 "
"646";"920100021";"HU-PARIS SUD SITE ANTOINE BECLERE APHP";"";"157 RUE DE LA PTE DE TRIVAUX";"";92140;"CLAMART";"01 45 37 44 44 "
"647";"920100039";"HU-PARIS NORD SITE BEAUJON - APHP";"";"100 BOULEVARD DU GENERAL LECLERC";"";92118;"CLICHY CEDEX";"01 40 87 50 00 "
"648";"920100047";"HU-PARIS NORD SITE LOUIS MOURIER APHP";"";"178 RUE DES RENOUILLIERS";"";92701;"COLOMBES CEDEX";"01 47 60 61 62 "
"649";"920100054";"HU-PARIS IDF SITE POINCARE APHP";"";"104 BOULEVARD RAYMOND POINCARE";"";92380;"GARCHES";"01 47 10 79 00 "
"650";"920120011";"HIA PERCY";"PERCY";"101 AVENUE HENRI BARBUSSE";"BP 406";92141;"CLAMART CEDEX";"01 41 46 60 00 "
"651";"920300043";"HOPITAL PRIVE D'ANTONY";"";"1 RUE VELPEAU";"";92160;"ANTONY";"01 46 74 37 00 "
"652";"920300597";"CLINIQUE DE MEUDON LA FORET";"3/5";"3 AVENUE DE VILLACOUBLAY";"";92360;"MEUDON LA FORET";"01 41 28 10 00 "
"653";"930000286";"GHI LE RAINCY-MONTFERMEIL";"";"10 RUE DU GENERAL LECLERC";"";93370;"MONTFERMEIL";"01 41 70 80 00 "
"654";"930000302";"CTRE HOSP  INTERCOMM  ANDRE GREGOIRE";"";"56 BOULEVARD DE LA BOISSIERE";"";93105;"MONTREUIL CEDEX";"01 49 20 30 40 "
"655";"930000328";"CH GENERAL DELAFONTAINE";"";"2 RUE DU DR PIERRE DELAFONTAINE";"BP 279";93205;"ST DENIS CEDEX";"01 42 35 61 40 "
"656";"930000336";"CHI  ROBERT BALLANGER";"";"BOULEVARD ROBERT BALLANGER";"";93602;"AULNAY SOUS BOIS CEDEX";"01 49 36 71 23 "
"657";"930100037";"HU-PARIS SSTDENIS SITE AVICENNE - APHP";"";"125 RUE DE STALINGRAD";"";93009;"BOBIGNY CEDEX";"01 48 95 55 55 "
"658";"930100045";"HU-PARIS SSTDENIS SITE VERDIER - APHP";"";"AVENUE DU 14 JUILLET";"";93143;"BONDY CEDEX";"01 48 02 66 66 "
"659";"930300025";"HOPITAL EUROPEEN LA ROSERAIE";"";"120 AVENUE DE LA REPUBLIQUE";"";93308;"AUBERVILLIERS CEDEX";"08 25 10 04 00 "
"660";"930300066";"HOPITAL PRIVE DE L'EST PARISIEN";"30 AVENUE DU 14 JUILLET";"11 AVENUE DE LA REPUBLIQUE";"";93604;"AULNAY SOUS BOIS CEDEX";"01 48 19 33 33 "
"661";"930300082";"CENTRE MEDICO CHIRURGICAL FLOREAL";"";"40 RUE FLOREAL";"";93170;"BAGNOLET";"01 48 97 72 00 "
"662";"930300116";"HOPITAL PRIVE DE LA SEINE SAINT DENIS";"";"7 AVENUE HENRI BARBUSSE";"";93156;"LE BLANC MESNIL CEDEX";"01 45 91 55 65 "
"663";"930300553";"CLINIQUE DE L'ESTREE";"LE BOIS MOUSSAY";"35 RUE D'AMIENS";"";93245;"STAINS CEDEX";"01 49 71 90 08 "
"664";"930300595";"HOPITAL PRIVE DU VERT GALANT";"";"38 RUE DE FLANDRE";"";93290;"TREMBLAY EN FRANCE";"01 49 63 50 50 "
"665";"940000573";"CHI DE CRETEIL";"";"40 AVENUE DE VERDUN";"";94010;"CRETEIL CEDEX";"01 45 17 50 00 "
"666";"940000599";"C.H.I DE VILLENEUVE-ST-GEORGES";"";"40 ALLEE DE LA SOURCE";"";94195;"VILLENEUVE S GEORGES CEDEX";"01 43 86 20 00 "
"667";"940000649";"HOPITAL SAINT-CAMILLE - BRY S/M";"";"2 RUE DES PERES CAMILLIENS";"";94366;"BRY SUR MARNE CEDEX";"01 49 83 10 10 "
"668";"940100027";"HU-HENRI MONDOR SITE MONDOR APHP";"";"51 AVENUE DE LATTRE DE TASSIGNY";"";94010;"CRETEIL CEDEX";"01 49 81 21 11 "
"669";"940100043";"HU-PARIS SUD SITE KREMLIN BICETRE APHP";"";"78 RUE DU GENERAL LECLERC";"";94275;"LE KREMLIN BICETRE CEDEX";"01 45 21 21 21 "
"670";"940120017";"HIA BEGIN";"";"69 AVENUE DE PARIS";"";94163;"ST MANDE CEDEX";"01 43 98 50 00 "
"671";"940300031";"HÔPITAL PRIVÉ PAUL D'EGINE";"";"4 AVENUE MARX DORMOY";"";94500;"CHAMPIGNY SUR MARNE";"01 49 83 66 00 "
"672";"940300270";"HOPITAL PRIVE ARMAND BRILLARD";"3-6";"3 AVENUE WATTEAU";"";94130;"NOGENT SUR MARNE";"08 26 30 12 12 "
"673";"940300445";"HOPITAL PRIVE DE THIAIS";"";"112 AVENUE DU GENERAL DE GAULLE";"";94320;"THIAIS";"01 45 60 28 45 "
"674";"940300569";"HOPTIAL PRIVE DE VITRY SITE PASTEUR";"";"22 RUE DE LA PETITE SAUSSAIE";"";94400;"VITRY SUR SEINE";"01 45 73 35 35 "
"675";"950000307";"CENTRE HOSPITALIER VICTOR DUPOUY";"";"69 RUE DU LT COLONEL PRUD'HON";"";95107;"ARGENTEUIL CEDEX";"01 34 23 24 25 "
"676";"950000315";"CHI  DES PORTES DE L'OISE A BEAUMONT";"";"25 RUE EDMOND TURCQ";"";95260;"BEAUMONT SUR OISE";"01 39 37 15 20 "
"677";"950000323";"C.H. EAUBONNE MONTMORENCY-SIMONE VEIL";"";"14 RUE DE SAINT PRIX";"";95602;"EAUBONNE CEDEX";"01 34 06 60 00 "
"678";"950000331";"CENTRE HOSPITALIER DE GONESSE";"";"RUE BERNARD FEVRIER";"BP 71";95503;"GONESSE CEDEX";"01 34 53 21 21 "
"679";"950000349";"CENTRE HOSPITALIER DU VEXIN";"";"38 RUE CARNOT";"";95420;"MAGNY EN VEXIN";"01 34 79 44 44 "
"680";"950000356";"C.H. EAUBONNE MONTMORENCY -SIMONE VEIL";"";"1 RUE JEAN MOULIN";"";95160;"MONTMORENCY";"01 34 06 60 00 "
"681";"950000364";"CENTRE HOSPITALIER RENE DUBOS";"";"6 AVENUE DE L'ILE DE FRANCE";"";95300;"PONTOISE";"01 30 75 40 40 "
"682";"950300244";"CLINIQUE SAINTE-MARIE";"";"1 RUE CHRISTIAN BARNARD";"BP 70536 OSNY L'OSERAIE";95520;"OSNY";"01 34 20 96 96 "
"683";"950300277";"HOPITAL PRIVE NORD PARISIEN";"";"3 BOULEVARD DE LATTRE DE TASSIGNY";"BP 10";95200;"SARCELLES";"01 39 92 70 00 "
"684";"950807982";"CLINIQUE CLAUDE BERNARD";"";"9 AVENUE LOUIS ARMAND";"";95124;"ERMONT CEDEX";"01 30 72 33 33 "
"685";"970100384";"C. H. DE BRUYN (EX H.L.)";"GUSTAVIA";"";"";97133;"ST BARTHELEMY";"05 90 27 60 35 "
"686";"970100392";"CENTRE HOSPITALIER DE LA BASSE -TERRE";"";"AVENUE GASTON FEUILLARD";"";97109;"BASSE TERRE CEDEX";"05 90 80 54 54 "
"687";"970100400";"C. H. DE MARIGOT";"";"";"BP 381";97150;"ST MARTIN";"05 90 52 25 25 "
"688";"970100426";"C.H. STE MARIE";"";"";"";97112;"GRAND BOURG";"05 90 97 82 64 "
"689";"970100442";"C.H.U. DE POINTE-A-PITRE/ABYMES";"";"";"BP 465";97139;"LES ABYMES";"05 90 89 10 10 "
"690";"970107249";"CLINIQUE 'LES EAUX CLAIRES'";"";"";"MOUDONG";97122;"BAIE MAHAULT";"05 90 97 62 62 "
"691";"970211223";"CHU DE MARTINIQUE SITE DE TRINITE";"";"";"RUE EUGENE FATIER";97220;"LA TRINITE";"05 96 55 20 00 "
"692";"970300026";"CENTRE HOSPITALIER DE CAYENNE";"";"RUE DES FLAMBOYANTS";"BP 6006";97306;"CAYENNE CEDEX";"05 94 39 50 50 "
"693";"970400024";"CHU SITE NORD";"";"ALLEE DES TOPAZES";"BP 251";97400;"ST DENIS";"02 62 90 50 50 "
"694";"970400057";"CHU SITE SUD (SAINT PIERRE)";"";"AVENUE FRANCOIS MITTERRAND";"BP 350 TERRE SAINTE";97448;"ST PIERRE CEDEX";"02 62 35 90 00 "
"695";"970400065";"CENTRE HOSPITALIER GABRIEL MARTIN";"";"38 RUE LABOURDONNAIS";"BP 160";97866;"ST PAUL CEDEX";"02 62 45 30 30 "
"696";"970400073";"G.H.E.R. SAINT-BENOIT";"";"30 ROUTE RN 3";"";97470;"ST BENOIT";"02 62 98 80 00 "
